,0
0,"[1266, 611, 1267, 168, 232, 17, 1268, 29, 467, 359]"
1,"[612, 468, 92]"
2,"[1269, 1270, 73, 613]"
3,"[614, 1271, 233, 93]"
4,"[13, 27, 130]"
5,"[54, 615, 282]"
6,"[1272, 1273, 1274, 847, 848, 616, 360, 66]"
7,"[74, 151, 169, 1275]"
8,"[1276, 4, 1277, 283, 469, 1278]"
9,"[470, 849]"
10,"[361, 617, 284, 850, 14]"
11,"[111, 94, 75, 285, 1, 8]"
12,"[234, 851, 1279]"
13,"[190, 1280, 286, 47]"
14,"[152, 284]"
15,"[852, 853, 235, 1281, 236, 18, 6, 618, 82]"
16,"[362, 1282, 8, 5, 471, 363]"
17,"[849, 1283]"
18,"[131, 1284, 1285, 20, 48, 1285, 131]"
19,"[83, 1, 3, 15, 63]"
20,"[472, 1286, 76, 84]"
21,"[237, 22, 33]"
22,"[238, 364, 1287]"
23,"[1288, 619, 67, 35, 620, 9, 170, 23, 77]"
24,"[854, 855, 621, 22, 100]"
25,"[622, 623, 624, 473, 5, 474]"
26,"[1289, 20, 48]"
27,"[239, 132, 42]"
28,"[191, 43, 1290, 856, 1, 44, 2]"
29,"[1291, 1292, 857, 5, 131, 365, 93, 1293, 171, 133, 1, 8]"
30,"[101, 625, 36, 1, 2]"
31,"[102, 366, 134, 152]"
32,"[626, 48, 1294]"
33,"[627, 1295, 1296, 2]"
34,[3]
35,"[9, 1297, 20, 48, 1298, 628, 475, 287]"
36,"[858, 133]"
37,"[859, 85, 629, 860, 78]"
38,"[86, 240, 861, 172, 86]"
39,"[95, 630, 135, 1299, 862]"
40,"[631, 45, 192, 5, 82]"
41,"[632, 130, 633, 288, 476, 33]"
42,"[289, 477]"
43,"[863, 1300, 864, 1301, 865, 634, 282, 635, 367]"
44,"[1302, 1, 2]"
45,"[37, 84, 79, 636, 637, 112]"
46,"[68, 9, 1303, 20, 48, 866, 131, 45]"
47,"[1304, 638, 867, 173, 136, 103, 1305]"
48,"[1306, 241, 1307, 639, 151, 137, 640]"
49,"[238, 364, 29]"
50,"[64, 68, 153, 130, 9, 64, 193]"
51,"[1308, 4, 868, 38, 17, 18, 49]"
52,"[851, 1309]"
53,"[154, 242, 138, 869, 1289, 20, 48]"
54,"[55, 290, 641, 135, 1310]"
55,"[870, 368, 1311]"
56,"[20, 48, 1312, 871, 131]"
57,"[9, 872, 20, 48]"
58,"[478, 87, 873, 642]"
59,"[113, 243, 113, 113]"
60,"[872, 20, 48]"
61,[]
62,"[20, 48, 291, 874, 131, 875, 292, 876, 244]"
63,"[369, 643, 479, 479, 877]"
64,"[69, 21, 155, 16, 33]"
65,"[370, 19, 1299, 21, 644, 16, 96, 6, 156, 21, 293]"
66,[628]
67,"[20, 48, 876, 645, 876, 294]"
68,"[47, 371, 878, 25, 174, 114]"
69,"[288, 476, 37, 6]"
70,"[20, 295, 296, 39, 295, 1313]"
71,"[20, 48, 30, 1314]"
72,"[646, 1315, 297, 647]"
73,"[194, 157, 648, 879, 30]"
74,"[20, 48, 131, 875, 1316, 1317]"
75,"[632, 195, 1318]"
76,"[880, 372, 881, 1319, 88]"
77,"[29, 298, 3]"
78,"[1320, 373, 882]"
79,"[20, 48, 1321, 480]"
80,"[848, 9]"
81,"[299, 374, 104]"
82,"[1322, 1323, 375, 97, 77, 158, 1324, 300, 883]"
83,"[481, 482, 70]"
84,"[80, 649, 1272, 1273, 376, 1325]"
85,"[196, 884]"
86,"[301, 1326, 885, 82, 1327, 886]"
87,"[1328, 56]"
88,"[650, 887, 651, 194, 197]"
89,"[6, 888, 652, 1329, 245]"
90,"[483, 302, 889, 104, 15]"
91,"[484, 303, 303, 4, 1330]"
92,"[1331, 1332, 485, 9, 890]"
93,"[1333, 1334, 653]"
94,[]
95,"[69, 21, 155, 486, 1335, 50]"
96,"[377, 1336, 175]"
97,"[115, 378, 891]"
98,"[892, 654, 487]"
99,"[304, 655, 246, 305, 1, 10, 2]"
100,"[87, 368, 893, 656]"
101,"[290, 1337, 305]"
102,"[18, 488, 306, 31, 55]"
103,"[20, 48, 1338, 1339, 894]"
104,"[895, 42]"
105,[]
106,"[69, 21, 16, 96, 1340, 156, 33]"
107,"[1341, 896, 478]"
108,"[379, 247, 20, 48]"
109,"[657, 658]"
110,"[155, 69, 21, 6, 156, 16, 96, 33, 489, 1342]"
111,"[490, 1343, 14, 897, 302, 1344, 19]"
112,"[173, 659, 74, 116, 1345, 898, 1346]"
113,"[899, 139, 491, 8]"
114,"[1347, 900]"
115,"[901, 492]"
116,"[1348, 296, 36, 1, 2, 5, 660]"
117,"[154, 242, 16, 40, 117, 661]"
118,"[13, 198, 4, 13, 198, 307, 1349]"
119,"[13, 27, 13]"
120,"[380, 22, 33]"
121,"[493, 662, 663, 154, 902]"
122,"[13, 27, 156, 130]"
123,"[85, 1350, 903, 308, 664]"
124,"[848, 665, 904, 626]"
125,"[84, 381, 95, 1351]"
126,"[117, 248, 666, 117, 249]"
127,"[1352, 1353, 1354, 1352, 1353, 159]"
128,"[20, 1294]"
129,"[32, 73, 1, 2]"
130,[494]
131,"[309, 905, 176, 382, 383]"
132,"[102, 906, 1355, 495, 105, 9, 496]"
133,"[1356, 63]"
134,[907]
135,"[1357, 73, 908, 106, 642, 667, 484, 909, 910]"
136,"[85, 310]"
137,"[37, 84, 79, 310]"
138,"[384, 250, 19, 83, 251]"
139,"[13, 27, 96, 1358, 668, 1359]"
140,"[34, 17, 252, 46, 199, 911]"
141,"[118, 497]"
142,"[57, 7, 24, 56, 24, 498, 669]"
143,"[1360, 107, 15]"
144,"[670, 912, 1307, 160]"
145,[]
146,"[1361, 1362, 1363, 499, 10, 671, 30]"
147,"[1364, 4, 1364, 658]"
148,"[40, 913]"
149,"[500, 12, 914, 915, 6, 311, 33, 501, 301, 200]"
150,"[312, 20, 48, 292, 672, 30]"
151,"[502, 916, 385, 1365, 114, 9, 201, 673]"
152,"[502, 916, 674, 232, 17, 40, 1366, 1367, 114, 30]"
153,"[917, 173, 626, 1368]"
154,"[612, 468, 918]"
155,"[313, 1284, 1, 2]"
156,"[157, 1318, 32, 1369]"
157,"[18, 503, 25, 71, 919, 920]"
158,"[6, 311, 314, 135]"
159,"[504, 20, 48, 131]"
160,"[13, 130, 118, 234]"
161,"[1370, 1370]"
162,[]
163,"[1, 2, 505, 10]"
164,"[70, 481, 499, 25, 3, 177]"
165,"[1371, 675, 676, 386, 645, 387]"
166,[677]
167,"[20, 678]"
168,"[921, 1372, 1373, 922]"
169,"[506, 1374, 192, 42, 923, 1375, 161, 663, 89]"
170,"[507, 924, 630, 1376, 76, 22, 56]"
171,"[178, 679]"
172,[]
173,"[1377, 925, 469, 19, 4, 1378]"
174,"[926, 508, 1379]"
175,[55]
176,"[78, 300]"
177,"[388, 680, 253]"
178,"[65, 57, 477, 232, 389, 7, 315, 316]"
179,[681]
180,"[927, 390, 7, 1380, 509, 928, 682]"
181,"[510, 1381, 1382, 254, 179]"
182,"[115, 94, 391, 66, 929, 372, 6, 140, 66]"
183,"[1383, 392, 119]"
184,"[912, 930, 931, 932]"
185,"[108, 317, 1384, 511]"
186,"[683, 81]"
187,"[1312, 20, 48, 679, 202, 23]"
188,"[933, 120, 120]"
189,"[934, 512, 497, 3]"
190,"[20, 48, 935, 1385]"
191,"[1386, 107, 3, 513]"
192,"[514, 9, 890, 78, 168]"
193,[936]
194,[684]
195,"[1387, 304, 655, 120, 120, 937, 20, 938, 1388]"
196,"[685, 1, 10, 2]"
197,"[1389, 12, 686, 232, 17]"
198,"[393, 56, 28]"
199,[1390]
200,"[493, 662, 380]"
201,[687]
202,"[318, 34, 17, 252, 46, 199, 177]"
203,"[25, 688, 72, 53]"
204,"[1391, 939, 515, 37, 137, 689]"
205,"[247, 1392, 1393, 516, 1394]"
206,"[64, 68, 153, 130]"
207,"[69, 21, 467, 940, 200, 33, 941, 690, 1395]"
208,[]
209,"[691, 140, 501]"
210,"[39, 85, 1396, 236]"
211,"[39, 12, 517, 22, 51, 394, 395, 51]"
212,"[69, 21, 155, 33, 915, 19]"
213,"[1397, 518, 1398, 48, 1399, 481, 255, 109]"
214,"[43, 628, 1400, 490]"
215,"[309, 176, 396, 233, 93]"
216,"[35, 942, 886]"
217,"[90, 25, 1, 3, 15, 63]"
218,"[16, 943, 1401, 4, 1402, 944, 945, 66]"
219,"[317, 1384, 519, 919, 946]"
220,"[13, 27, 520, 13, 27, 64]"
221,"[319, 23, 1403]"
222,"[1404, 668, 105]"
223,"[847, 521]"
224,"[684, 1405, 203, 692, 1406, 53, 320]"
225,"[35, 397, 397, 28, 28]"
226,"[522, 361, 66, 693, 141, 1407]"
227,[1408]
228,"[43, 58, 947, 17]"
229,"[852, 694, 523, 1409, 106]"
230,"[1410, 1411, 114, 204, 695]"
231,"[196, 948, 524, 71]"
232,"[393, 696, 949, 697]"
233,"[1, 3, 950, 951]"
234,"[398, 525, 952, 256, 398]"
235,"[142, 143, 1412, 109, 121, 169, 120, 120, 104]"
236,"[59, 255, 953, 396, 698]"
237,"[699, 1413, 894, 526, 1414, 1415]"
238,"[384, 53, 1416, 21]"
239,"[321, 168, 322, 52]"
240,"[526, 527, 160]"
241,"[205, 1417, 1, 2]"
242,"[700, 48, 1399]"
243,"[118, 1418, 1419]"
244,"[482, 1420]"
245,"[528, 954, 701]"
246,"[110, 1421, 144, 257, 1422, 1423, 1424]"
247,"[955, 956]"
248,"[1425, 1426, 957, 9, 393, 697, 696]"
249,"[958, 1427, 5, 702, 703]"
250,"[959, 1428, 323, 45]"
251,"[926, 1429, 960, 1, 107]"
252,"[961, 931, 399, 5]"
253,"[201, 962, 176, 55, 492, 704]"
254,"[180, 1430, 3, 1431]"
255,[140]
256,"[54, 385, 17, 400, 38, 1432]"
257,"[1433, 234, 529, 963]"
258,"[964, 705, 965, 964, 206]"
259,"[506, 55, 641]"
260,[258]
261,"[101, 1434, 1435, 120, 120, 937]"
262,[900]
263,"[83, 1436, 706, 207]"
264,"[16, 96, 6, 156, 69, 21, 1437]"
265,"[1438, 6]"
266,"[401, 79, 5, 702, 703]"
267,"[162, 158, 530, 151, 137, 640]"
268,"[966, 86, 240, 208]"
269,"[13, 27, 96, 1358, 500]"
270,"[642, 667, 1, 3, 15]"
271,"[1439, 1436, 402, 967]"
272,[378]
273,"[203, 707, 1, 10, 2]"
274,"[13, 27, 13, 130]"
275,"[54, 1440, 40, 689]"
276,[482]
277,"[1441, 198, 403, 497, 968, 969]"
278,"[180, 324, 325, 326]"
279,"[1442, 1443, 259, 201, 531, 116, 1290, 1, 2]"
280,"[120, 120, 937, 20, 938, 1388]"
281,"[5, 970]"
282,"[159, 134, 1444, 202, 1445, 708]"
283,"[327, 644, 532]"
284,"[709, 258]"
285,"[73, 616, 1446]"
286,"[13, 27, 4, 13, 130, 891]"
287,"[286, 710, 77]"
288,"[971, 108, 1447, 404, 60, 711]"
289,"[1448, 1, 1449, 2]"
290,"[13, 27, 130, 9, 64, 193]"
291,"[286, 513]"
292,"[1450, 972, 973, 376, 695, 44]"
293,"[27, 712, 209, 181, 533, 974, 975]"
294,"[23, 713, 3]"
295,"[328, 8]"
296,"[63, 144, 63]"
297,"[1451, 626, 29, 534, 535, 1452]"
298,"[976, 4, 868, 38, 17, 18, 49]"
299,"[210, 536, 405]"
300,"[374, 1453, 1454, 493, 54, 329]"
301,"[330, 406, 529, 28, 331, 56]"
302,"[171, 407]"
303,"[977, 21, 1455, 1456, 509, 21, 293, 89]"
304,"[537, 714, 191, 1457]"
305,"[360, 679, 7, 1458]"
306,"[538, 332, 1459]"
307,"[1460, 23, 1, 3, 15]"
308,[]
309,"[46, 705, 511]"
310,"[535, 408, 209, 260, 58, 211]"
311,"[1461, 31, 978, 979, 39, 1462]"
312,"[109, 469, 1, 10, 2]"
313,"[27, 980, 71]"
314,"[1463, 1464]"
315,"[493, 662, 12, 630, 159, 380, 244]"
316,"[1465, 981]"
317,"[393, 1466, 696, 1467, 261]"
318,[27]
319,"[258, 262]"
320,"[118, 36, 715, 1410, 306, 118, 108, 295, 404]"
321,"[1468, 1, 25, 3, 1431]"
322,"[82, 4, 10]"
323,"[181, 539, 716]"
324,"[1, 80, 405, 212, 3, 202, 1469]"
325,"[1470, 982, 42]"
326,"[35, 213, 5, 158, 329]"
327,"[687, 118, 495, 42]"
328,"[1471, 72, 1, 2]"
329,"[522, 1472, 361, 693, 141]"
330,"[1473, 409, 983, 1474, 1473, 1475, 362, 1474, 1476]"
331,"[410, 102, 717, 1477]"
332,[]
333,"[1478, 718, 8]"
334,"[984, 985, 122, 71]"
335,"[162, 158, 1479, 1480, 986, 6, 45]"
336,"[978, 979, 719, 58]"
337,"[263, 720, 59, 135, 308, 170, 987]"
338,"[988, 168]"
339,"[86, 721, 963, 333, 1361, 70]"
340,"[1481, 264, 1482, 1, 10, 2]"
341,"[3, 313, 722, 723, 63, 411, 153]"
342,[885]
343,"[412, 412, 988]"
344,"[1483, 628, 1482]"
345,"[43, 1484, 214, 152]"
346,"[1, 3, 15, 215, 2]"
347,"[702, 703, 1485, 1486, 1487, 1488, 907, 265]"
348,"[989, 80, 8]"
349,"[64, 13, 27, 6, 31]"
350,"[724, 1489, 1490, 1491, 413, 29, 1492, 8]"
351,"[940, 535, 75, 8]"
352,"[162, 725, 540, 499, 161, 541]"
353,"[66, 693, 141]"
354,"[1493, 1494, 36, 1, 10, 2]"
355,"[13, 27, 519]"
356,[869]
357,[990]
358,"[61, 854]"
359,"[84, 56]"
360,"[12, 1495]"
361,"[210, 536, 405, 9, 1496]"
362,"[101, 625, 138, 95, 726, 334, 40]"
363,"[991, 727, 8]"
364,"[1497, 1498, 971, 306, 109, 121, 169, 151, 137, 640]"
365,"[154, 242, 510, 1499, 414, 707, 510]"
366,"[54, 169, 42, 142, 143]"
367,"[112, 216, 58, 728]"
368,"[210, 335, 335, 87, 91]"
369,"[1304, 638, 867, 173, 1, 3, 15, 63]"
370,"[638, 1500]"
371,"[73, 920, 314, 45]"
372,"[110, 1421, 1422, 330, 415, 1424]"
373,"[1501, 992]"
374,"[365, 170, 4, 993, 170, 299]"
375,"[943, 1401, 4, 1402, 944, 88, 1502, 994, 66]"
376,"[144, 201, 673, 9, 53, 995, 729, 996, 45]"
377,"[730, 1480, 1503, 71]"
378,"[852, 534, 731, 997, 1504]"
379,"[853, 998, 732]"
380,"[542, 543, 390, 613, 999, 996]"
381,"[1505, 1000, 1001, 98, 1506]"
382,"[9, 733, 943, 4, 944, 1, 945, 544, 1002, 545, 1507, 545, 399]"
383,"[1508, 546, 13, 27]"
384,"[493, 662, 137, 734, 88]"
385,"[64, 68, 153, 64, 10, 1003, 64]"
386,"[217, 145, 172, 9, 496]"
387,[]
388,"[1004, 57, 31, 12, 7, 1509]"
389,"[1510, 171, 8]"
390,"[331, 151, 1511, 1512]"
391,[658]
392,"[380, 22, 33]"
393,"[12, 200, 6, 311, 501, 301, 200]"
394,"[1277, 176, 233, 93]"
395,"[53, 1005, 264, 735]"
396,"[266, 1513, 157]"
397,"[1006, 547]"
398,"[1007, 65, 477]"
399,"[936, 398]"
400,[1398]
401,"[1425, 1514, 30, 103, 1515, 393, 949, 697]"
402,"[1345, 409, 201, 1516, 3]"
403,"[1340, 930, 1379, 974, 975]"
404,"[393, 34, 736, 696]"
405,"[1517, 711, 671, 30]"
406,"[102, 366, 134, 16, 1518, 548, 1519]"
407,"[643, 1520, 32, 1502]"
408,"[737, 738, 262, 547, 8]"
409,"[83, 1521, 1522]"
410,"[517, 739, 153, 1523, 1008, 33]"
411,"[1524, 1525, 1009, 936]"
412,"[70, 336, 1373, 1526, 83, 251]"
413,"[1010, 19, 1527, 503]"
414,"[123, 416, 1528]"
415,"[6, 417, 37]"
416,"[927, 2, 121, 300]"
417,[983]
418,"[327, 644, 532]"
419,"[43, 64, 12, 13, 27]"
420,"[217, 145, 138, 10, 151]"
421,"[18, 488, 516, 152, 1011]"
422,"[57, 337, 34, 85, 211]"
423,"[300, 9]"
424,"[236, 101, 171, 133]"
425,"[69, 21, 58, 266, 418]"
426,"[1012, 1529, 410, 102, 717, 1477]"
427,"[47, 1530, 104, 549, 16, 740, 179]"
428,"[985, 51, 723, 218, 267]"
429,"[310, 419, 11, 7, 24]"
430,"[92, 546, 741, 742]"
431,"[743, 744, 1013, 865, 634, 282, 635, 367]"
432,"[1014, 392, 1531, 1532]"
433,"[1533, 956]"
434,"[1534, 1535, 745, 671]"
435,[378]
436,"[714, 191, 1015, 194, 30]"
437,"[1365, 1536, 118, 338]"
438,"[627, 1295, 1537, 550, 551, 47, 746]"
439,"[57, 84, 21, 1538, 498, 669]"
440,"[268, 324, 1495, 403]"
441,"[743, 23, 420, 67, 298, 1016]"
442,"[1017, 611, 1319, 1018, 359]"
443,"[1019, 132, 747, 239]"
444,"[1, 2]"
445,"[670, 219, 552]"
446,"[470, 67]"
447,"[722, 1539, 1413, 142, 143]"
448,"[15, 421, 1020, 553, 335, 335, 335, 87, 91, 554]"
449,"[422, 320, 124, 423, 859, 220, 954, 220, 221, 182]"
450,"[330, 232, 33, 83, 251]"
451,"[1540, 171, 1541]"
452,"[1542, 748]"
453,"[555, 146]"
454,"[749, 424, 222, 1543, 475]"
455,"[1544, 750, 1545, 1021, 4, 365, 170]"
456,[3]
457,"[1396, 1022, 1023, 119, 1546, 1011, 125, 751, 183]"
458,[1547]
459,"[1024, 1025, 269, 270, 254, 179]"
460,"[1276, 4, 223, 1301, 469, 19]"
461,"[52, 176]"
462,"[1548, 1531, 1014, 1532, 714, 191, 1457, 45]"
463,[1549]
464,"[106, 339, 340, 425, 426]"
465,"[154, 242, 1550, 70, 510, 1499, 421, 341, 123]"
466,"[752, 1026, 257, 104, 549, 16, 740, 179]"
467,"[612, 468, 1551, 381]"
468,"[342, 1027, 1, 3, 15, 63]"
469,"[1414, 665, 1552, 1553]"
470,"[427, 908, 1028, 1029, 1552, 1553, 1554, 81, 182]"
471,"[556, 557, 47]"
472,"[163, 164, 1303, 294]"
473,"[95, 308]"
474,"[885, 1030]"
475,"[428, 1555, 1556, 1557, 343, 1558]"
476,"[286, 513, 429, 184]"
477,"[631, 218, 8, 5]"
478,"[1031, 32, 1559, 75, 158, 301]"
479,"[68, 9, 110, 14, 344, 6, 257, 1032, 1033]"
480,"[558, 185, 1362, 559, 397, 537, 81]"
481,"[327, 1034, 43]"
482,[]
483,"[59, 84, 79, 34, 1560, 1561, 345, 58, 211]"
484,"[255, 22, 560]"
485,"[911, 753, 303, 485, 1562]"
486,"[1563, 4, 754, 38, 17, 18, 49]"
487,"[39, 97, 51, 223, 755, 756, 394, 395, 51]"
488,"[157, 213, 165, 21, 1035, 271]"
489,"[164, 539, 1036, 163, 346]"
490,"[15, 1037, 1038, 904, 1564, 87, 91, 554]"
491,"[1039, 29, 1565, 185, 17]"
492,"[1566, 746, 224, 56, 5, 1567, 1568]"
493,"[926, 1429, 960, 1, 1569]"
494,"[287, 43, 1040]"
495,"[1570, 1571, 701, 23]"
496,"[757, 4, 757]"
497,"[1, 235, 1281, 1572, 135, 3]"
498,"[561, 758, 3, 1041, 861]"
499,"[42, 1042, 161, 663, 89]"
500,"[23, 516, 22, 3, 15]"
501,"[629, 860]"
502,"[984, 347, 19]"
503,"[384, 53, 1416, 1573]"
504,"[1574, 620, 732, 5, 1575, 1576]"
505,"[1043, 1542, 1577, 647, 18]"
506,"[688, 35, 1044, 272, 12, 25, 25, 34, 98, 197]"
507,"[755, 1045, 1578]"
508,"[18, 503, 25, 71, 186]"
509,"[749, 759, 1046, 1047]"
510,[1579]
511,"[430, 223]"
512,"[344, 219]"
513,"[1580, 431, 377, 239, 131]"
514,"[739, 389, 7, 19]"
515,"[162, 550, 562, 1581, 1582]"
516,"[760, 1583, 1584, 1583, 1048]"
517,"[360, 1049, 563, 512]"
518,[68]
519,"[1, 3]"
520,"[492, 704, 62, 902, 123]"
521,"[492, 704, 1585, 109, 1417, 564]"
522,"[1586, 500, 700]"
523,"[16, 96, 7, 322, 1587]"
524,"[1588, 369]"
525,[632]
526,[222]
527,[1050]
528,"[744, 12, 23, 5, 86, 8]"
529,"[1589, 323]"
530,"[924, 144, 511]"
531,"[1049, 1496, 1051, 1590, 23, 565, 566, 761]"
532,"[762, 330, 406, 49]"
533,[400]
534,"[224, 35, 247, 1052, 541]"
535,"[225, 567, 226, 19, 78]"
536,"[763, 82, 139, 144, 16, 257]"
537,"[432, 1591, 3, 706, 764]"
538,"[52, 1592, 118, 1053, 905]"
539,"[108, 1001]"
540,"[993, 170, 1054, 73, 1593, 348, 1055]"
541,"[71, 765, 22, 56]"
542,"[133, 31, 322, 766, 141, 1456, 766, 141]"
543,"[767, 1056]"
544,"[119, 54, 329, 273]"
545,"[172, 50, 562, 117, 661, 144]"
546,"[1594, 875]"
547,"[1055, 1052, 1595, 1596]"
548,[1597]
549,"[1598, 407, 144, 1599, 9]"
550,[]
551,"[60, 37, 79, 568, 349, 1600]"
552,"[1057, 181, 377]"
553,"[36, 6]"
554,"[1601, 519, 36, 116, 735]"
555,"[65, 569, 35, 1602, 168, 336, 264]"
556,"[674, 1603, 29, 858, 253]"
557,"[175, 371, 350, 1058, 1059]"
558,"[136, 103]"
559,"[52, 514, 1604, 1, 10, 2]"
560,"[330, 232, 1605, 1060, 1606, 144, 897, 302]"
561,"[313, 741, 1462]"
562,"[144, 201, 673, 9, 53, 995, 729, 996]"
563,"[768, 1607, 297]"
564,"[113, 243, 113, 499]"
565,"[1061, 1608, 518, 433, 333, 173, 37, 6]"
566,"[69, 21, 155, 1062, 769]"
567,"[84, 56]"
568,"[495, 570, 1063]"
569,"[753, 303]"
570,"[1437, 984, 768, 6, 156]"
571,"[1064, 49, 1065, 245, 98, 346]"
572,[]
573,"[328, 1363]"
574,"[144, 80, 50, 763, 82, 139, 333, 283, 53, 1609]"
575,"[1610, 116, 1, 10, 2]"
576,"[1611, 1612, 614, 1613]"
577,"[1614, 654]"
578,"[1, 2, 5, 1615]"
579,"[763, 82, 139, 1616, 114, 9, 201, 673]"
580,"[959, 16, 90, 134, 1066]"
581,"[434, 92, 31]"
582,"[342, 1027, 550, 63, 1449]"
583,"[427, 908, 905, 1617, 650, 550, 265]"
584,"[1031, 32, 652]"
585,"[1618, 770, 414, 510, 227, 318, 294]"
586,"[407, 435]"
587,"[205, 1342, 7, 200, 315, 316]"
588,"[74, 351, 1, 2, 1619, 222]"
589,"[1620, 402, 266, 418]"
590,"[436, 16, 212, 859]"
591,"[88, 754, 1563, 99, 1621, 99]"
592,"[433, 115, 538, 125, 330, 406, 981]"
593,"[163, 1622, 164]"
594,"[1623, 1623]"
595,"[111, 94, 75, 285, 1, 2]"
596,"[37, 79, 771, 1624]"
597,"[1327, 44, 2]"
598,"[210, 536, 405]"
599,"[172, 1, 3, 764, 147]"
600,"[1625, 1626, 1369, 87, 91]"
601,"[70, 289, 1599]"
602,"[485, 1562, 911]"
603,"[1627, 772, 43, 1067, 1, 44, 2]"
604,"[22, 1628, 688]"
605,[1629]
606,"[126, 168, 336, 76]"
607,"[313, 1068]"
608,"[20, 773, 1069, 274, 275, 1630]"
609,[1631]
610,"[1632, 1633, 1633]"
611,"[1392, 1393, 516, 1394]"
612,"[173, 396, 1634, 1070, 74]"
613,"[144, 115, 538, 1635, 437, 117, 661]"
614,"[99, 51, 98, 51, 25, 554, 881, 46, 228]"
615,"[939, 3]"
616,"[1636, 1, 3, 15, 125, 751, 183]"
617,"[555, 327, 1637, 438]"
618,[1638]
619,"[342, 368, 709, 172, 61, 1639, 1640, 22, 1550]"
620,"[621, 1641, 210]"
621,"[68, 6, 14, 1071, 998, 1642, 1032]"
622,"[1072, 1073, 3, 33]"
623,"[571, 1074, 735]"
624,"[164, 1643, 163]"
625,"[403, 1075, 164, 539, 1643, 163, 672, 30]"
626,"[155, 69, 21, 33, 6, 156]"
627,"[474, 483, 109, 774, 22, 1, 1, 2]"
628,"[1501, 992]"
629,[214]
630,"[478, 4, 439, 317, 97]"
631,"[479, 6]"
632,"[1644, 163, 346, 1076, 164]"
633,"[1000, 1645, 404, 60]"
634,"[506, 440, 1646, 1647, 572]"
635,[754]
636,"[1637, 438, 9]"
637,"[753, 753]"
638,"[1648, 775, 573]"
639,"[292, 20, 773, 1075, 127, 48]"
640,"[13, 4, 198, 338, 678]"
641,"[59, 1356, 1266]"
642,"[263, 776, 572, 1649]"
643,[]
644,"[441, 616, 185, 70, 574, 114]"
645,"[216, 40, 6, 140, 66]"
646,"[1355, 1650]"
647,"[505, 35, 698]"
648,"[1077, 1651, 35, 375, 2]"
649,"[471, 363, 1652, 744, 32, 100, 206]"
650,"[724, 575]"
651,"[401, 1341, 227]"
652,"[1653, 470, 1078, 1, 3]"
653,"[568, 1049, 18, 563, 512, 442]"
654,"[7, 343, 1654, 303, 1079]"
655,"[6, 1297, 249, 112, 636]"
656,"[429, 184, 7, 24, 439, 777]"
657,"[1655, 164, 163, 346]"
658,"[1656, 53, 1617, 1655, 164, 1657, 163]"
659,"[771, 1658, 67, 1058]"
660,[967]
661,"[292, 164, 1657, 163, 484, 909, 910]"
662,"[1659, 46, 1660, 1, 2]"
663,"[778, 1080, 253, 443]"
664,"[362, 1503, 476, 76, 486, 23, 365, 139]"
665,"[1661, 47, 560]"
666,[779]
667,"[83, 434, 619, 780, 116, 711]"
668,"[1081, 154, 242, 414, 707, 1082]"
669,"[502, 714, 781, 576, 1083]"
670,"[1460, 81]"
671,"[401, 29]"
672,"[6, 31, 397, 507, 324, 86, 240, 31, 55]"
673,"[110, 14, 539, 46, 1084, 1085, 782, 783, 249, 125, 370, 294]"
674,"[4, 1662, 38, 17, 18, 49]"
675,"[1086, 1087, 1663, 407]"
676,"[1088, 96, 229, 352, 209, 260, 58, 211]"
677,"[784, 57, 95]"
678,"[1089, 1664, 5, 1665]"
679,"[202, 1666, 1667, 6, 311, 544]"
680,"[13, 1668, 19, 1669, 19, 1090, 1670, 2]"
681,[]
682,"[504, 1091]"
683,[276]
684,[1671]
685,"[966, 1672, 1673]"
686,"[54, 331, 780, 116, 76, 1674, 577, 1675, 86]"
687,"[444, 387, 195, 1676, 352]"
688,"[1497, 1498, 652, 1287, 578, 151, 137, 640]"
689,"[1092, 1007, 579, 108, 1516, 543, 1677, 108]"
690,"[181, 58, 1093]"
691,"[1094, 1095, 6, 19]"
692,[1678]
693,[190]
694,"[6, 1096, 2]"
695,"[1464, 27]"
696,"[737, 738, 262, 547, 1]"
697,"[60, 37]"
698,[413]
699,"[1012, 100, 962, 442, 73, 139, 9]"
700,"[160, 645, 218, 742]"
701,[203]
702,"[1679, 1313, 403, 409, 533, 1679]"
703,"[1043, 1680]"
704,"[51, 225, 77, 1470, 42, 394, 395, 51]"
705,[]
706,"[196, 347, 71]"
707,"[81, 1681, 1682, 785, 271]"
708,"[1653, 470, 1078, 1, 3]"
709,"[31, 55, 86, 404]"
710,"[1453, 1012, 750, 267, 492, 704, 1512]"
711,"[946, 1082]"
712,[548]
713,"[58, 1, 44, 2]"
714,[472]
715,"[507, 786, 1683]"
716,"[1091, 157, 486, 1684, 445, 93, 566, 1685, 1686, 245, 438]"
717,"[1097, 59, 425, 426]"
718,"[1687, 420, 787]"
719,"[633, 288, 476, 33, 691]"
720,"[1040, 486, 296, 6]"
721,"[746, 8]"
722,"[580, 1533, 1, 3]"
723,"[52, 1688, 4, 223]"
724,"[1689, 788, 257, 68, 9]"
725,"[970, 5, 631]"
726,"[1098, 40, 1002]"
727,"[1690, 93, 730, 287, 1099]"
728,[]
729,"[1072, 1073, 1, 3]"
730,"[961, 439, 224, 8, 5, 1691]"
731,"[1, 8, 2]"
732,"[1100, 57, 789, 1692, 176, 396, 233, 93]"
733,"[1693, 22]"
734,"[75, 285, 111, 94, 1694, 105]"
735,"[446, 1695, 1696, 1101, 350, 558, 82, 31, 70, 581, 101, 244]"
736,"[272, 1697]"
737,"[7, 322, 42]"
738,"[6, 7, 24, 57, 1004, 419, 1567, 1568]"
739,"[1102, 582, 28, 174]"
740,"[214, 162, 1698]"
741,"[50, 146, 684, 511]"
742,"[940, 535, 75, 1, 2]"
743,"[614, 13, 198, 338, 6, 156]"
744,"[86, 240, 116]"
745,"[43, 7, 343]"
746,"[577, 1103, 3]"
747,"[699, 79, 978, 979]"
748,"[1699, 448]"
749,"[277, 1700, 329]"
750,"[1104, 44, 2]"
751,"[1086, 164, 1644, 163, 346]"
752,"[57, 7, 24, 1701]"
753,"[29, 1105, 583, 1702, 791, 105, 5, 855, 1106]"
754,"[1703, 1703, 1107, 1108, 883, 701, 23]"
755,"[1, 3, 15, 215, 1704]"
756,"[515, 1109, 388, 131, 734]"
757,"[130, 734]"
758,"[682, 1705, 1, 8]"
759,"[1706, 44, 2]"
760,"[64, 68, 153, 33]"
761,"[379, 22, 1, 3]"
762,"[14, 138, 726, 212]"
763,[327]
764,"[261, 1586, 886]"
765,"[1110, 1707]"
766,"[435, 500, 1111, 325, 326]"
767,"[65, 1708, 350, 7, 736, 441, 1076, 21, 584, 89]"
768,"[37, 314, 83, 251]"
769,"[1709, 1, 2, 5]"
770,"[59, 255, 517, 1710, 22]"
771,"[14, 38, 267, 59, 792]"
772,"[14, 1112, 1711, 508, 31]"
773,"[1037, 1038, 335, 335, 87, 91]"
774,"[1111, 1712, 1713]"
775,"[585, 73, 1714, 353, 14]"
776,"[226, 69, 21, 7, 370, 19, 21, 293, 89]"
777,"[16, 1113, 627, 136, 103, 354, 449, 43, 66]"
778,"[1715, 1463, 1114, 266, 418]"
779,"[202, 1536, 35, 22, 61, 1639, 1640, 1008]"
780,"[586, 4, 186, 439]"
781,"[1716, 119, 1717, 112, 1115, 47, 273, 1310, 190]"
782,"[1718, 27, 1426, 583, 1719]"
783,[]
784,"[184, 53, 185]"
785,"[1, 3, 15, 63]"
786,"[1688, 118, 1720, 355]"
787,"[369, 1721, 1722, 1667, 1335, 50]"
788,"[36, 135, 1, 2]"
789,"[39, 1723, 69, 43]"
790,"[386, 76, 339, 340]"
791,"[13, 13, 198, 338, 6, 156]"
792,"[64, 793, 633]"
793,"[1724, 78, 1, 10, 2]"
794,"[17, 1725, 756]"
795,"[411, 1116]"
796,"[307, 7, 168, 794, 7]"
797,"[69, 21, 155, 286, 33, 498, 669]"
798,"[155, 485, 485]"
799,"[1726, 229, 1, 10, 2]"
800,"[1727, 1728, 39, 413, 29, 1729, 8, 5, 304, 655]"
801,"[699, 213, 57]"
802,"[1117, 145, 5]"
803,"[305, 1, 3, 183]"
804,"[1, 61]"
805,"[631, 1102, 8]"
806,"[159, 134, 262, 307]"
807,"[1404, 668, 1730, 1118, 695]"
808,"[124, 1731, 1732, 578, 208]"
809,"[569, 1733, 5, 724, 1604]"
810,"[266, 1513, 1554, 81, 564, 587, 588, 182]"
811,"[1031, 32, 1559, 75, 158, 301, 1, 10, 2]"
812,"[1033, 104, 795, 783]"
813,"[70, 336, 7, 24, 178, 1336]"
814,"[450, 436]"
815,"[491, 386, 681]"
816,"[525, 299, 1119]"
817,"[1083, 398]"
818,"[537, 98, 159]"
819,"[1066, 36, 1734, 771, 1624]"
820,"[1072, 1073, 160, 2, 18, 368, 3, 56]"
821,"[796, 1120, 74, 867, 1, 2]"
822,"[256, 947, 792]"
823,"[1121, 718, 384]"
824,"[487, 278, 1735, 57]"
825,"[1122, 379, 923, 1375]"
826,"[254, 269, 270, 757, 254, 179]"
827,"[1123, 1736, 743, 2]"
828,"[1737, 1124]"
829,"[797, 798, 312]"
830,"[1, 2]"
831,"[1125, 85, 1671, 1454]"
832,"[17, 451, 1126]"
833,"[23, 1127, 947, 792]"
834,"[799, 247]"
835,"[1000, 589, 1602, 32]"
836,[]
837,"[1267, 1014, 194, 30]"
838,"[37, 79, 112, 239, 637, 112]"
839,"[416, 99, 1738, 1684, 445, 1685, 1686]"
840,"[1739, 274, 275]"
841,"[1665, 1740, 87, 91]"
842,"[60, 132, 800, 779, 60, 104]"
843,"[401, 1741, 666, 374, 1742, 238, 208]"
844,"[847, 1128, 317, 506]"
845,"[200, 55, 1114, 55, 89]"
846,"[1129, 1130, 138, 1743, 1131, 1744, 1067]"
847,"[1580, 38, 590, 16, 518, 40]"
848,"[1019, 1745, 801]"
849,"[929, 372, 574, 66]"
850,"[408, 241, 241, 408]"
851,"[258, 1323, 29, 467, 97, 1746]"
852,"[591, 1099, 1055, 23, 787]"
853,"[728, 165, 7, 882, 24]"
854,"[641, 1, 116]"
855,"[491, 648, 13, 932]"
856,"[18, 488]"
857,"[802, 279, 228, 1298, 1747]"
858,"[551, 537, 38, 25, 449]"
859,"[726, 1131, 183, 169]"
860,"[283, 99, 507, 786, 245]"
861,"[1711, 551, 1748, 14, 1085, 267]"
862,"[1337, 1749, 1750, 90]"
863,"[52, 638, 283, 1132, 1751]"
864,"[1752, 1133, 59, 592, 65, 452]"
865,[1753]
866,"[593, 781, 229, 1447, 1754]"
867,"[52, 11, 148, 928, 682]"
868,"[861, 428, 37, 439, 17]"
869,"[1019, 1745, 1069, 14, 72]"
870,"[64, 222, 803, 104, 1698, 77, 82]"
871,"[1090, 490, 1755, 1628]"
872,"[165, 565, 1324]"
873,"[60, 450, 506, 663]"
874,"[767, 1756, 297, 647, 804]"
875,[387]
876,"[12, 1053, 1757, 250, 19, 42, 98, 4, 161]"
877,"[546, 13, 546, 13]"
878,"[1, 3, 5, 1134, 1758, 1077, 177]"
879,"[1135, 1021]"
880,"[805, 1136, 768, 594, 594, 1759]"
881,"[1045, 1137, 37, 806, 111, 980, 225, 807, 893]"
882,"[348, 741, 11, 148]"
883,"[435, 1, 2]"
884,"[1760, 1138, 390]"
885,"[66, 710, 356, 993, 170, 1054, 1714]"
886,[1108]
887,"[13, 4, 633, 288, 409, 19]"
888,"[537, 778, 1761]"
889,"[616, 721, 126, 100, 95, 793]"
890,"[23, 450, 352]"
891,"[31, 29, 1380]"
892,"[162, 158, 1139, 1762, 552]"
893,"[290, 595, 192, 265]"
894,"[495, 1763, 1661, 941, 690, 1395]"
895,"[1716, 6]"
896,"[371, 350, 1140, 359, 30]"
897,"[1140, 1764]"
898,"[1441, 440, 28]"
899,"[574, 1765, 1141]"
900,"[207, 1121, 718, 1766, 1529, 573, 34, 1142, 76]"
901,"[169, 99]"
902,"[1710, 4, 310, 16, 3, 99, 55, 15]"
903,"[805, 35, 31, 681]"
904,"[622, 623, 624, 473, 5, 474, 1143, 1005, 1767]"
905,"[355, 96]"
906,"[898, 1346, 106, 1, 44, 2]"
907,"[1768, 347, 39, 1768, 589]"
908,"[1769, 483, 1770, 1771, 382, 383]"
909,"[1123, 79, 1, 10, 2]"
910,"[126, 202, 72, 887, 1772, 135, 1144, 1773]"
911,"[1774, 1132]"
912,"[13, 64, 68, 153, 1775]"
913,"[1145, 1776, 49, 596, 88, 165]"
914,"[331, 1305, 1146, 1777, 451, 1146, 28]"
915,"[25, 1, 6, 31, 432, 279]"
916,"[942, 1778, 1779]"
917,"[110, 14, 38, 229, 1080, 1780, 1781, 34, 747, 294]"
918,[310]
919,"[692, 1147, 186, 1148, 1149, 1782]"
920,"[246, 116, 42, 808, 1783]"
921,[851]
922,[427]
923,"[494, 1784]"
924,"[1060, 344, 115]"
925,"[1605, 1060, 332, 318, 972, 1785]"
926,"[1408, 1786, 1787, 531, 651, 676]"
927,"[410, 218, 639]"
928,"[515, 1, 3]"
929,"[1150, 65]"
930,"[1788, 1789, 1790, 1791, 234, 282]"
931,"[585, 73, 16, 136, 103, 1113, 449, 43, 354, 25]"
932,"[1101, 350, 344, 101, 124, 234, 371, 350, 1151, 1792]"
933,[]
934,"[83, 228, 1793, 721, 581, 101, 28, 581, 101, 244]"
935,"[34, 17, 252, 46, 199, 177]"
936,"[1152, 1794]"
937,"[38, 1795, 1796, 1761]"
938,"[446, 161, 85, 56, 571]"
939,"[436, 1309, 135]"
940,"[904, 1153, 1376, 809, 566, 4, 1034, 976, 4, 1154, 38, 1797, 49]"
941,"[67, 71, 1798, 1779]"
942,"[527, 896, 4, 527, 896]"
943,"[1148, 1149, 186, 692]"
944,"[221, 935, 1799, 1, 3, 15, 125, 751, 183]"
945,"[96, 36, 1800, 315, 316]"
946,[1801]
947,"[81, 559]"
948,"[23, 54, 1458]"
949,[]
950,"[1148, 1149, 171, 186, 566]"
951,"[983, 1141, 453, 92, 748]"
952,"[158, 521, 1802]"
953,"[50, 1803, 1804, 1325]"
954,"[1155, 1316, 1486, 656]"
955,"[369, 12, 7, 977, 21, 69, 200]"
956,"[162, 158, 298, 306, 116, 76, 654]"
957,"[789, 477, 1805]"
958,"[35, 213, 80, 406]"
959,"[172, 205, 810, 1156, 1806, 126, 43]"
960,"[1122, 1157, 75]"
961,"[1807, 597, 752, 10, 2, 1808]"
962,"[13, 27, 1809, 1810]"
963,[13]
964,"[57, 7, 343]"
965,"[1699, 1811, 90, 308, 1158]"
966,[212]
967,"[1756, 64, 68, 92]"
968,"[1812, 409, 187, 811]"
969,"[52, 1159, 812, 1813, 373, 4, 524]"
970,"[520, 1386, 1814, 149]"
971,"[912, 38, 590, 1080, 1160, 1815, 137, 1383]"
972,"[119, 1816]"
973,"[348, 239, 18, 337]"
974,"[68, 9, 522, 361, 1514, 72, 90, 30, 1161]"
975,"[542, 391, 253, 443, 1007, 1128, 133, 903]"
976,"[1162, 535, 1, 2]"
977,"[388, 290]"
978,"[55, 1817]"
979,[]
980,"[1046, 1039, 1818]"
981,"[259, 136, 103]"
982,"[389, 57, 7, 24, 766, 141]"
983,"[1819, 1817, 1622, 1820, 1821]"
984,"[675, 636]"
985,"[188, 433, 124, 423, 1822]"
986,"[52, 1813, 1150]"
987,"[12, 185, 1821, 12, 185, 28]"
988,[1823]
989,"[142, 143, 641, 67, 8]"
990,"[1153, 1824]"
991,"[191, 351, 9, 496]"
992,"[12, 1825]"
993,"[471, 363, 1766, 226, 894, 1338]"
994,"[14, 1826, 1163, 79]"
995,[560]
996,"[768, 1827, 373, 266, 418]"
997,"[1537, 391, 9, 1002]"
998,"[50, 146]"
999,"[1110, 379, 756]"
1000,"[35, 213, 805, 1136, 598, 57, 7]"
1001,"[196, 264, 174]"
1002,"[1, 12, 153, 6, 31, 597, 1828, 86, 950, 1829]"
1003,"[234, 1830, 1141, 572, 1831]"
1004,"[1561, 197, 37]"
1005,"[163, 599]"
1006,"[600, 1164, 1165, 212]"
1007,"[777, 35, 813]"
1008,[80]
1009,"[13, 27, 4, 13, 547, 245]"
1010,"[1832, 77, 878, 27, 438]"
1011,"[401, 36, 384]"
1012,"[1733, 1833, 61, 1834, 1478, 325, 326]"
1013,"[1089, 5, 374]"
1014,"[53, 14, 38, 1795, 372, 454, 1166]"
1015,"[1167, 694, 523, 5, 1683, 455, 279, 1409, 106]"
1016,"[80, 25, 71, 706, 207]"
1017,"[60, 1127, 22, 181, 1835, 1132, 449]"
1018,"[1836, 381, 110, 1168, 1837, 202, 456, 424]"
1019,"[106, 1, 3, 15]"
1020,"[420, 98, 321, 1015]"
1021,"[12, 1168, 1837, 110]"
1022,"[109, 765, 1009]"
1023,"[70, 342, 3]"
1024,"[51, 1169, 53, 1056]"
1025,[436]
1026,"[1838, 437, 245]"
1027,"[1828, 990, 353, 14, 267, 38, 1170]"
1028,[284]
1029,"[228, 1154, 99, 1747, 814, 12, 211]"
1030,[]
1031,"[300, 1693, 438]"
1032,[]
1033,"[1171, 1839, 189, 132]"
1034,"[791, 276, 1840, 205, 178]"
1035,"[1172, 196, 97, 33]"
1036,"[658, 1581, 1582]"
1037,"[622, 623, 624, 473, 5, 474, 1841, 4, 1171, 1839]"
1038,"[210, 1842, 1173, 280, 1174, 1175, 1176]"
1039,"[184, 1843, 527, 1844, 305, 1044]"
1040,"[763, 82, 139, 78, 95, 135, 208]"
1041,"[1845, 1846, 815, 816, 1047]"
1042,"[1625, 1626, 1740, 87, 91]"
1043,"[310, 11, 166, 7, 24]"
1044,"[1847, 29, 1848, 1849]"
1045,"[1609, 1177, 71, 437, 1658, 727]"
1046,"[808, 1783, 333, 195, 995, 729]"
1047,"[286, 513, 50, 1803, 1178]"
1048,"[1767, 443, 590, 1781]"
1049,"[568, 762, 280, 37, 1179, 817, 1041, 30, 61, 1606]"
1050,"[1016, 88]"
1051,"[728, 1849, 1850, 948, 524, 71]"
1052,"[104, 1654, 303, 1079]"
1053,"[98, 249, 961, 329, 273]"
1054,"[352, 749, 1646, 1351]"
1055,"[472, 1428, 357, 457]"
1056,"[458, 459, 1851, 1, 3]"
1057,"[278, 784, 55, 390, 182]"
1058,"[212, 384, 1641, 427, 1852, 489]"
1059,"[1074, 260, 5, 372, 191, 1, 8]"
1060,"[1111, 1712, 1713, 1853, 9]"
1061,"[1788, 1789, 1790, 1791, 234]"
1062,"[818, 1854, 392]"
1063,"[1855, 346, 1588, 45]"
1064,"[111, 94, 515, 9, 496]"
1065,"[422, 320, 154, 314, 1274]"
1066,"[601, 4, 1856, 38, 17, 18, 49]"
1067,"[1180, 102, 1172, 913]"
1068,"[332, 689]"
1069,"[819, 918, 1857, 186, 1181]"
1070,"[1040, 1359, 1096]"
1071,"[1110, 602, 400]"
1072,"[531, 651, 676]"
1073,"[1065, 1858, 1858, 189, 1065, 1776, 1859]"
1074,"[318, 122, 460, 250, 19]"
1075,"[141, 1407, 415, 1824]"
1076,"[67, 1050, 553, 1860]"
1077,"[72, 713, 18, 488, 11, 7, 24]"
1078,"[727, 8]"
1079,"[217, 145, 1505, 1861, 16, 40]"
1080,"[13, 198, 4, 288, 476, 820, 19]"
1081,[68]
1082,"[73, 1862, 603, 1, 2]"
1083,"[117, 1863, 1096, 208]"
1084,"[1864, 733, 297, 731, 6, 297]"
1085,"[991, 1865]"
1086,[1620]
1087,"[1, 44, 2]"
1088,"[772, 870, 680, 804, 283, 1500, 42]"
1089,"[514, 1182, 50]"
1090,[821]
1091,"[1866, 1183, 1184, 863, 1300, 498, 116]"
1092,[723]
1093,"[1434, 1435, 105]"
1094,[]
1095,"[1004, 57, 7, 24]"
1096,"[1867, 515, 1868, 967]"
1097,"[1662, 665, 110, 14, 1869]"
1098,"[320, 1870, 1871, 579, 300, 1872, 1023]"
1099,[35]
1100,"[280, 37, 36, 63]"
1101,"[5, 1873, 1, 8]"
1102,[421]
1103,"[1427, 22, 1, 3, 46]"
1104,"[111, 94, 75, 285, 1481, 206]"
1105,"[85, 14, 1440]"
1106,"[428, 579, 558, 185, 736, 441, 162, 1076, 21, 584, 89]"
1107,"[1874, 370, 1, 1185, 3, 951, 15]"
1108,"[1631, 161, 805, 1136, 35, 213]"
1109,"[368, 989, 1063]"
1110,"[1834, 87, 91]"
1111,"[159, 134, 113, 526, 1186, 113, 243, 32, 1187]"
1112,"[1188, 1189, 1706, 74, 1875, 1876, 341, 604, 28]"
1113,"[53, 1548, 392, 818]"
1114,"[115, 538, 1877, 1190, 1878]"
1115,"[14, 605, 1191, 414, 707, 508, 31]"
1116,"[1165, 195, 888]"
1117,"[59, 352, 209, 260, 58, 211]"
1118,"[965, 1517, 239, 156, 18]"
1119,"[92, 917, 186, 5, 1879, 1880, 357, 457, 339, 340]"
1120,"[73, 1192, 679, 356, 9]"
1121,"[1193, 1194]"
1122,"[39, 126, 1570, 1765, 1122]"
1123,"[220, 221, 100, 1195, 276]"
1124,"[249, 11, 953, 882, 46]"
1125,"[353, 110, 14, 431, 253, 16, 672, 30]"
1126,"[461, 42, 1196]"
1127,"[1129, 1130, 388, 1131, 1744, 444, 50, 581, 101, 244]"
1128,"[34, 747, 815, 816]"
1129,[]
1130,"[318, 216, 1589]"
1131,"[107, 3, 950, 951]"
1132,"[184, 1843, 871, 214]"
1133,"[387, 653]"
1134,"[6, 1881, 599, 1882, 248]"
1135,"[37, 451, 162, 83, 251]"
1136,"[420, 100, 1883, 478, 50, 177]"
1137,"[348, 1197, 1840]"
1138,"[1013, 865, 635, 367, 1198]"
1139,"[330, 1133, 17]"
1140,"[12, 290, 1092, 254, 1884, 254, 179]"
1141,"[1727, 1728, 1199, 67, 8]"
1142,"[109, 1159, 1885, 241, 32, 606, 248, 1, 10, 2]"
1143,"[272, 12, 603, 429, 1, 2]"
1144,"[815, 816, 281, 114, 30]"
1145,"[2, 184, 871, 214]"
1146,"[263, 720, 59, 1191, 296, 1886, 987]"
1147,"[929, 372, 1887, 1888, 1889, 6, 140, 66]"
1148,[]
1149,"[81, 271]"
1150,"[191, 1890, 1891]"
1151,"[601, 533]"
1152,"[1892, 1893, 1893, 64, 1892, 345]"
1153,"[7, 402, 1035, 1444, 1894, 1895]"
1154,"[367, 1175, 1176]"
1155,"[118, 527, 1, 44, 2]"
1156,"[577, 1420, 1896]"
1157,"[822, 1139, 388, 82]"
1158,"[574, 794, 1, 2]"
1159,"[1897, 1875, 1898, 75, 71]"
1160,"[6, 890, 1899, 8]"
1161,"[1900, 490, 279]"
1162,"[67, 1901]"
1163,"[1845, 1846, 815, 816, 281]"
1164,"[1664, 23]"
1165,"[1902, 1595, 1596]"
1166,"[149, 505, 150, 12, 150, 895, 1903]"
1167,"[441, 558, 185, 391, 1904, 681, 114]"
1168,"[688, 1193, 424, 25, 174]"
1169,"[1190, 1878, 391, 38, 590, 75, 227]"
1170,"[1200, 9, 201, 281, 3, 823]"
1171,"[1, 3, 15]"
1172,"[1905, 8]"
1173,[1632]
1174,"[187, 54, 453, 1, 2]"
1175,"[1874, 370, 1, 3, 15, 764, 432]"
1176,"[715, 1006, 1064]"
1177,"[210, 536, 189, 607, 683, 99, 81]"
1178,"[154, 242, 462, 62, 41, 26]"
1179,"[217, 145, 781, 252, 28, 1906, 578, 752]"
1180,"[538, 14, 481]"
1181,"[73, 1192, 760, 41, 26]"
1182,"[53, 314, 80, 386, 453, 76]"
1183,"[353, 649, 188]"
1184,"[80, 434, 189, 195, 76]"
1185,"[1907, 946, 41, 26, 62, 30]"
1186,"[274, 275, 552, 247, 1150]"
1187,"[824, 4, 824]"
1188,"[4, 1048, 38, 17, 18, 49]"
1189,"[338, 241, 331]"
1190,"[891, 461, 21, 293, 89]"
1191,"[104, 1201, 315, 316]"
1192,"[292, 23]"
1193,[]
1194,"[880, 880, 392, 500]"
1195,[1344]
1196,"[1465, 1908, 212, 42, 1183, 1184, 812]"
1197,"[39, 4, 810, 1156, 1194]"
1198,"[85, 47, 18, 61, 1183, 1184]"
1199,"[1909, 1910, 1911, 603, 1912]"
1200,"[60, 102, 366, 1202]"
1201,"[760, 687, 339, 340]"
1202,[1762]
1203,"[1371, 675, 584, 743, 708]"
1204,"[111, 94, 75, 285, 9, 1081]"
1205,"[772, 1439, 7]"
1206,"[444, 258, 64, 29, 97, 47, 1847]"
1207,[2]
1208,"[197, 197]"
1209,"[328, 1913, 5, 374, 187, 1, 2]"
1210,"[122, 72, 58, 309, 71]"
1211,"[299, 529, 18, 170]"
1212,"[873, 85, 1914, 1057, 637, 112]"
1213,"[142, 143, 482, 482, 27, 142, 143]"
1214,"[913, 1180, 102, 1172]"
1215,"[36, 32, 825, 1915, 1, 2, 505, 10]"
1216,"[1916, 1917, 1, 10, 2]"
1217,[970]
1218,"[1918, 1919, 5]"
1219,"[81, 271, 519]"
1220,"[60, 45]"
1221,"[101, 625, 826, 1118]"
1222,[]
1223,"[12, 9, 140]"
1224,"[827, 782, 1556, 1920]"
1225,[]
1226,[291]
1227,"[705, 1094, 425, 426, 1879, 1880, 357, 457, 339, 340]"
1228,"[797, 798, 195, 1676, 1446]"
1229,"[1083, 1314]"
1230,"[520, 371, 1697, 57, 722]"
1231,"[1203, 1204, 47, 276, 8]"
1232,"[123, 416, 44, 2]"
1233,"[1121, 718, 576, 10, 1205, 75]"
1234,"[417, 1094]"
1235,"[1753, 708, 1206, 1207, 511]"
1236,"[288, 656, 1921]"
1237,"[1922, 88, 818]"
1238,"[412, 1177]"
1239,"[92, 1923, 1924]"
1240,"[724, 1489, 413, 29, 1492, 5, 1490, 1491]"
1241,"[56, 1, 8]"
1242,"[12, 561, 758, 1185, 3, 437, 22, 56]"
1243,"[1925, 268]"
1244,[]
1245,"[321, 1419]"
1246,"[828, 1208, 8]"
1247,"[982, 5, 23, 761, 452]"
1248,"[1926, 28, 78]"
1249,"[1598, 1511, 79, 5, 1062, 769]"
1250,"[1033, 770, 1859, 1097, 415, 247, 1750]"
1251,"[934, 934, 992]"
1252,"[351, 1759, 11]"
1253,"[1927, 1928, 829, 1, 44, 2]"
1254,"[427, 716, 106, 5, 123, 139]"
1255,"[821, 279, 187, 1178, 104, 549, 78, 16, 740, 179]"
1256,"[204, 463, 1209, 1929, 8]"
1257,"[434, 180, 344, 154, 1930]"
1258,"[81, 521, 1430, 41, 26, 462, 62]"
1259,"[124, 423, 154, 242, 41, 26]"
1260,"[147, 1488, 121]"
1261,"[220, 221, 22, 33]"
1262,"[600, 1164, 257, 103, 186]"
1263,"[117, 248, 617, 528, 1721, 307, 569, 117, 249]"
1264,"[159, 134, 113, 113, 243]"
1265,"[1931, 1932, 458, 459, 334, 557, 140, 1210]"
1266,"[14, 1112, 1400, 685, 1933, 508, 31]"
1267,"[1, 3, 15, 63]"
1268,"[1934, 1935, 1936, 559, 572, 81, 564, 587, 588, 182]"
1269,"[41, 26, 62, 1731, 1732, 40]"
1270,"[400, 236, 523]"
1271,"[1179, 534, 85, 47]"
1272,[481]
1273,"[128, 230, 108, 464, 1003, 1155, 1047, 430, 244]"
1274,"[41, 26, 462, 62, 194, 30]"
1275,"[128, 230, 281]"
1276,"[178, 487, 278, 1735, 322, 647]"
1277,"[90, 1, 3]"
1278,"[18, 134, 16, 605, 1937]"
1279,"[13, 198, 64]"
1280,"[1938, 95, 787, 1806, 126, 43]"
1281,"[1725, 789, 477, 65, 1805]"
1282,"[13, 1939, 820, 678, 317, 1939, 307]"
1283,"[799, 1211, 802, 172]"
1284,"[452, 32]"
1285,[1914]
1286,"[175, 313, 36]"
1287,"[522, 1461, 1, 2]"
1288,[986]
1289,"[818, 1854, 1591]"
1290,"[1349, 1940, 1881]"
1291,"[800, 132, 1585, 700, 779, 60]"
1292,"[653, 653, 800, 225, 807]"
1293,"[921, 1068]"
1294,"[58, 119, 319, 830, 1941]"
1295,"[1898, 788, 1942, 12, 821]"
1296,"[1093, 1943, 1944]"
1297,"[258, 1061, 36, 411, 276, 159]"
1298,"[862, 584]"
1299,"[126, 1174, 76]"
1300,"[106, 453, 1773]"
1301,"[1778, 479, 1861, 759, 273]"
1302,"[1125, 278, 1212, 2, 770]"
1303,"[465, 1945, 1268, 1213, 1116]"
1304,"[561, 758, 1205, 3, 342, 22, 15]"
1305,"[1946, 582]"
1306,"[1947, 259]"
1307,"[91, 470, 67, 337]"
1308,"[369, 480, 7, 78]"
1309,[1948]
1310,"[750, 74, 120, 888, 4, 1949]"
1311,"[119, 246]"
1312,[]
1313,"[971, 78]"
1314,"[54, 317, 1308, 13, 13, 27, 59, 84, 79]"
1315,"[1950, 40, 168, 734, 440, 23, 761, 1214]"
1316,"[1807, 218, 264, 7, 166, 24]"
1317,[599]
1318,"[422, 320, 92, 1951, 124, 423, 246, 341, 604, 28]"
1319,"[1952, 35, 181, 1, 10, 2]"
1320,"[226, 892, 654, 1466]"
1321,"[1215, 587, 1558, 104]"
1322,"[25, 1, 3, 1953]"
1323,"[601, 176, 382, 383]"
1324,[1527]
1325,"[864, 856]"
1326,"[12, 1825, 121, 80, 1615, 1143, 1005]"
1327,"[1954, 29, 297, 17]"
1328,"[465, 1479, 293, 437, 1955, 5, 1955]"
1329,"[917, 469, 1920, 20]"
1330,"[605, 1760, 568, 879, 1956, 1577]"
1331,"[817, 491]"
1332,"[431, 1573, 1957]"
1333,"[111, 94, 75, 285, 9, 496]"
1334,"[160, 98, 3, 1, 831, 12, 686, 745, 1216]"
1335,"[269, 270, 217, 145]"
1336,"[1958, 159, 1959, 61, 73, 1192]"
1337,"[188, 433, 269, 270, 1051]"
1338,"[595, 451, 255, 1217, 218, 264]"
1339,"[1960, 74, 444, 56, 117, 661, 144, 254, 179]"
1340,"[277, 26, 1218, 1961]"
1341,"[14, 1219, 274, 275, 954, 1198]"
1342,[649]
1343,"[725, 540, 1528]"
1344,"[1962, 50, 153, 697, 454, 118]"
1345,"[83, 1178, 472, 1024, 1025]"
1346,"[542, 591]"
1347,"[35, 1166, 417, 118, 727]"
1348,"[30, 1926, 1963, 1219, 26, 62, 1780, 14, 253, 443, 1205]"
1349,"[171, 56]"
1350,"[518, 502]"
1351,"[109, 774, 27, 1455, 33, 65]"
1352,"[1220, 214, 23]"
1353,"[699, 213, 1964]"
1354,[]
1355,"[6, 1764]"
1356,"[449, 1218]"
1357,"[294, 41, 26, 62, 16, 672, 30]"
1358,"[39, 1057]"
1359,"[337, 1772]"
1360,"[171, 121, 1965, 41, 26, 650]"
1361,"[930, 1966]"
1362,"[321, 1209, 160]"
1363,"[207, 1967, 107]"
1364,"[367, 195, 1134, 1758, 1181]"
1365,"[61, 390]"
1366,"[421, 553, 87, 91]"
1367,"[1801, 109, 36]"
1368,"[1022, 203, 957]"
1369,"[465, 1945, 1360, 1213, 446]"
1370,"[37, 413]"
1371,"[128, 230, 70, 9, 302, 889]"
1372,"[1700, 184, 448, 315, 316]"
1373,"[68, 522, 361, 1071, 41, 26, 62, 72, 90, 30, 1161]"
1374,"[299, 136, 103]"
1375,"[4, 38, 17, 18, 49]"
1376,"[490, 580, 1467, 10, 589, 1221]"
1377,"[183, 575, 1222, 1223, 1187, 28, 1763, 16, 40]"
1378,"[803, 165]"
1379,"[41, 26, 1221, 62, 462, 62, 80, 152, 705, 227]"
1380,"[1968, 4, 1969, 778, 253, 443]"
1381,"[1224, 358, 70]"
1382,"[1104, 632, 1225, 440, 19]"
1383,"[190, 1952, 5, 10, 1118, 1226, 1227]"
1384,"[579, 1774, 55, 1114, 55, 89]"
1385,"[238, 364, 362, 1869, 1970, 77, 1330]"
1386,"[142, 143, 1951, 711]"
1387,"[562, 762]"
1388,"[729, 136, 103]"
1389,"[759, 35, 1971]"
1390,"[203, 1647, 32, 1972, 608, 717]"
1391,"[1228, 235, 1170, 4, 1081, 66]"
1392,"[524, 589, 97, 42]"
1393,"[229, 1186]"
1394,"[54, 128, 230, 40, 76]"
1395,"[88, 1572, 931]"
1396,"[16, 49, 4, 399, 1648, 1973, 1229]"
1397,[827]
1398,"[1974, 1975, 1777, 448, 594]"
1399,"[41, 26, 62, 234]"
1400,"[37, 451, 446, 1976, 1976, 519]"
1401,"[92, 407, 6, 45, 1673, 1705, 1590]"
1402,"[1852, 701, 11, 1636]"
1403,"[54, 1977]"
1404,"[269, 270, 617, 819, 1978, 1979, 548, 6, 45]"
1405,"[269, 270, 111, 94, 188]"
1406,"[236, 55, 41, 26, 62, 1075]"
1407,[152]
1408,"[1230, 1231, 20, 773, 938, 9, 733]"
1409,"[822, 1139]"
1410,"[1232, 11, 7, 24]"
1411,"[608, 124, 107, 823, 15, 215, 2]"
1412,"[1530, 32, 1980]"
1413,"[1233, 963, 1390, 262]"
1414,"[115, 94, 1234, 386, 575, 76, 6, 140, 66]"
1415,"[271, 376, 77, 1794]"
1416,"[263, 602]"
1417,[723]
1418,"[18, 503, 25, 71, 261, 177]"
1419,"[228, 272, 1981, 67, 595, 581, 101, 244]"
1420,"[497, 1819]"
1421,[1163]
1422,"[826, 41, 26, 62, 1965]"
1423,"[128, 230, 1982, 95, 298]"
1424,"[128, 230, 1982, 34, 173, 1983, 95, 298, 302, 889]"
1425,"[1984, 1138, 568, 615, 1985]"
1426,"[39, 223, 51, 309, 51, 394, 395, 51]"
1427,"[15, 458, 459, 1931, 1932, 334, 557, 40, 1210]"
1428,"[149, 150, 193, 9, 733]"
1429,"[337, 1039, 370, 407]"
1430,"[1986, 1987, 32, 1, 10, 2]"
1431,"[62, 955, 866, 41, 26]"
1432,"[14, 685, 1933, 773, 80, 1198]"
1433,"[304, 655, 246, 305, 268, 324]"
1434,"[183, 30, 1219, 518, 462, 1988]"
1435,"[109, 774, 51, 382, 383]"
1436,"[288, 176, 233, 93]"
1437,"[1989, 1214, 798, 533, 1990]"
1438,"[664, 892, 1068, 256, 174]"
1439,"[46, 199, 274, 275, 1738, 1618]"
1440,"[466, 554, 781, 442, 41, 26]"
1441,"[1909, 1910, 1911, 603, 1912, 268, 324]"
1442,"[150, 897, 615, 30]"
1443,"[454, 583]"
1444,[1347]
1445,"[572, 34, 17, 252, 46, 199, 177]"
1446,[504]
1447,"[420, 12]"
1448,"[1017, 611, 216, 1152, 289, 1991]"
1449,"[269, 270, 1635, 188]"
1450,"[342, 107, 1, 831, 411]"
1451,"[111, 94, 1, 8]"
1452,"[41, 26, 593, 277, 870]"
1453,"[26, 1743, 98]"
1454,[]
1455,"[308, 161, 50, 1042, 1992, 89]"
1456,"[216, 1993, 455, 82, 455, 82, 359, 575]"
1457,"[1994, 832, 578, 100, 1026, 25]"
1458,"[261, 9, 695]"
1459,"[236, 784, 462, 1988]"
1460,[241]
1461,"[1235, 4, 1034, 16, 18, 49, 167, 354, 833]"
1462,"[290, 525, 1968, 4, 778, 17]"
1463,"[84, 56, 41, 26, 62]"
1464,"[104, 1201]"
1465,"[502, 916, 1534, 1535, 9]"
1466,"[317, 97, 58, 345, 250, 19]"
1467,"[1106, 445, 834, 157, 245, 1236, 354, 833]"
1468,"[1546, 59, 122, 1237, 57, 1785, 325, 326]"
1469,"[74, 351, 1, 44, 2, 1619, 222]"
1470,[1823]
1471,"[104, 1201, 97, 826, 232, 1538]"
1472,"[1995, 489, 1996, 140]"
1473,"[286, 513, 220, 221]"
1474,"[1238, 277, 618, 1802]"
1475,"[1239, 6]"
1476,"[43, 281, 11, 389, 7, 24, 965]"
1477,"[43, 3]"
1478,[321]
1479,"[767, 1997, 1240]"
1480,"[119, 1786, 36, 273]"
1481,"[458, 459, 1851]"
1482,"[287, 1998, 484, 1, 2]"
1483,"[65, 569, 65, 151]"
1484,"[110, 14, 782, 783, 74, 453, 748]"
1485,"[722, 1539, 1082, 217, 145]"
1486,"[123, 291, 90, 235, 4, 1999]"
1487,[249]
1488,"[2000, 580, 376, 2001, 797, 1241]"
1489,"[835, 836, 606, 141, 837, 47, 8]"
1490,"[35, 528, 828, 237, 77, 89]"
1491,"[567, 99, 2002, 226, 19]"
1492,"[1137, 349, 980, 237]"
1493,"[444, 387]"
1494,"[128, 1153, 1749, 809, 566, 140, 415, 1048, 4, 2003, 38, 1797, 49]"
1495,"[1242, 323, 2004, 1962]"
1496,"[100, 602, 169, 74, 785, 685, 63]"
1497,"[804, 65, 1237, 838, 1894, 1895]"
1498,"[1, 8]"
1499,"[397, 1146, 140, 1607, 297, 78]"
1500,"[1239, 152, 898, 2005, 2006]"
1501,"[209, 1243, 1751, 484, 909, 375, 97, 77]"
1502,"[441, 558, 185, 157, 313, 999, 114]"
1503,[1547]
1504,"[203, 36, 4, 36]"
1505,"[1689, 788, 103, 257, 120, 480, 204]"
1506,"[2007, 229, 2008]"
1507,[90]
1508,"[813, 31, 1087]"
1509,[47]
1510,"[95, 4, 825, 7, 24]"
1511,"[195, 827]"
1512,"[280, 37, 18]"
1513,"[872, 312, 609]"
1514,"[837, 218, 264, 434, 1223, 88]"
1515,"[272, 1571, 582, 28, 174]"
1516,"[523, 748]"
1517,"[217, 145, 128, 230, 442, 1106, 28]"
1518,"[149, 6, 31]"
1519,[]
1520,"[1484, 1560]"
1521,"[11, 166, 1315, 289]"
1522,"[319, 2009, 656, 1406]"
1523,"[2010, 52]"
1524,"[1483, 2011, 184]"
1525,[401]
1526,"[543, 41, 26, 62, 14, 639, 2011, 530, 1366, 28]"
1527,"[138, 629, 360, 95, 1857, 404, 80, 358]"
1528,"[132, 747, 239]"
1529,[1018]
1530,"[149, 150, 4, 150, 2012, 130]"
1531,"[608, 124, 1, 3, 107, 46, 331, 153, 15]"
1532,"[334, 557, 351, 44, 2]"
1533,[2013]
1534,[531]
1535,"[475, 348, 657, 224, 2014]"
1536,"[11, 2015, 2016]"
1537,[618]
1538,"[958, 958, 1194]"
1539,"[643, 10, 19, 65]"
1540,"[59, 149, 150, 193, 182]"
1541,"[1524, 2017, 1296]"
1542,"[1856, 4, 976, 38, 17, 18, 49]"
1543,"[422, 320, 124, 423, 292]"
1544,"[1244, 108, 6, 31, 107, 1, 831, 411]"
1545,"[12, 1206, 1207, 3, 34, 231, 3, 1966, 46, 2018, 28]"
1546,"[1960, 2019, 217, 145, 2020, 12, 686, 170, 241, 1171, 2021]"
1547,"[82, 1211, 1208, 1, 3, 15, 215, 2]"
1548,"[428, 96, 2022, 925]"
1549,"[23, 997]"
1550,"[7, 99, 639]"
1551,"[1974, 1975, 2023, 2024]"
1552,"[652, 352, 209, 260, 58, 211]"
1553,"[579, 11, 148]"
1554,"[203, 121, 1924, 1224, 358]"
1555,"[124, 423, 422, 320, 1070, 646, 40, 227]"
1556,"[1242, 323, 54, 169]"
1557,[]
1558,"[715, 465, 1, 3, 15]"
1559,"[546, 532]"
1560,"[1448, 541, 21]"
1561,"[53, 2025, 205, 563, 1245]"
1562,"[1718, 58, 1093, 6, 1278, 1642]"
1563,"[380, 11, 7, 24]"
1564,"[16, 96, 307]"
1565,"[1691, 178, 36, 1, 2]"
1566,"[17, 451, 964]"
1567,"[60, 389, 941, 690]"
1568,"[1507, 18, 488, 1032, 1195]"
1569,"[149, 150, 156]"
1570,"[982, 2026, 2009, 731, 452]"
1571,"[413, 620]"
1572,"[636, 811, 1246]"
1573,"[35, 181, 39, 2027]"
1574,"[180, 434, 189, 1162, 2028, 271]"
1575,[189]
1576,"[2029, 486]"
1577,"[26, 593, 277, 284, 804, 1961]"
1578,"[147, 125, 149, 193]"
1579,"[1240, 1569, 107]"
1580,"[429, 1095, 1, 3, 15, 215, 1704]"
1581,"[220, 221, 22, 33]"
1582,"[110, 14, 1099, 728, 208]"
1583,"[1242, 323, 115, 7]"
1584,"[262, 1770, 2030]"
1585,"[362, 138, 1235, 2031, 1220, 12, 1142]"
1586,"[341, 172, 23, 1, 8]"
1587,"[556, 2032, 106, 8]"
1588,"[791, 105, 5, 357, 1980]"
1589,"[420, 108, 100, 1026]"
1590,"[291, 100, 602, 489, 137, 1202]"
1591,"[464, 27, 830, 42]"
1592,"[11, 166, 7, 24, 61, 2033]"
1593,"[1901, 41, 26, 593, 115, 1238, 918, 1475, 45]"
1594,"[1829, 598, 2034, 78]"
1595,"[41, 26, 593, 549, 2035]"
1596,"[1638, 357, 457]"
1597,"[70, 530, 2036, 1438, 88, 70, 530, 2036]"
1598,"[2037, 690, 53, 284, 5]"
1599,"[124, 73, 499, 8]"
1600,"[127, 129, 313, 618]"
1601,"[186, 803, 165, 256, 127, 129]"
1602,"[14, 12, 765]"
1603,"[610, 839, 189]"
1604,"[1051, 121, 813]"
1605,[188]
1606,"[2038, 3, 63]"
1607,"[819, 2039, 4, 819, 2039]"
1608,"[1329, 19, 402, 266, 418]"
1609,"[111, 94, 75, 285, 9, 188]"
1610,"[730, 1994, 52, 219, 824, 182]"
1611,"[20, 609, 291, 874, 2040, 932]"
1612,"[1578, 840, 461, 840, 225, 807, 893]"
1613,"[2041, 689, 45]"
1614,"[2042, 52, 11, 148, 877, 1006, 58]"
1615,"[2043, 67, 1946, 206, 192, 974, 975]"
1616,[90]
1617,"[817, 67, 1784, 61, 608]"
1618,"[1331, 1332]"
1619,"[591, 29, 2044, 32, 659, 274, 275]"
1620,"[79, 128, 230, 105, 796, 197]"
1621,"[1233, 4]"
1622,"[118, 109, 605, 1217, 412]"
1623,"[263, 776, 220, 221]"
1624,"[1918, 1958, 121, 8]"
1625,"[41, 26, 62, 1238, 788, 2045, 194, 30]"
1626,"[22, 3]"
1627,"[349, 2046]"
1628,"[759, 2047, 1831, 402]"
1629,[85]
1630,"[195, 435, 863]"
1631,"[1863, 2048, 1, 8]"
1632,"[841, 247, 1734]"
1633,"[58, 309, 345]"
1634,"[264, 780, 108, 403, 2]"
1635,"[2, 1584, 72, 2049, 1124]"
1636,"[59, 255, 1660, 396, 698]"
1637,"[1, 3]"
1638,"[988, 107, 56, 2050, 296, 1871, 1579]"
1639,[]
1640,"[2051, 419, 1722, 7, 42, 5]"
1641,"[1203, 1204, 850, 8]"
1642,"[1844, 775, 573, 842]"
1643,"[92, 454]"
1644,"[389, 802, 526, 1923, 45]"
1645,"[1551, 5, 44, 2]"
1646,[408]
1647,"[1159, 430, 473, 811, 577, 1675, 1719, 32]"
1648,"[599, 1445]"
1649,"[887, 134, 1972]"
1650,"[610, 839, 565, 1, 8]"
1651,"[228, 272, 138, 576, 1981]"
1652,"[959, 777, 813, 53, 2047]"
1653,"[52, 877, 1061, 24]"
1654,"[2052, 1629]"
1655,"[204, 463, 973, 709, 44, 2]"
1656,"[927, 1907]"
1657,"[660, 465, 843, 8]"
1658,"[178, 1311, 436, 1245, 570, 9]"
1659,"[83, 1521, 2045, 241, 8]"
1660,"[1066, 123, 608]"
1661,"[2007, 2008, 236, 1775, 540, 124, 333, 84, 412, 45]"
1662,"[2053, 25, 1, 3]"
1663,"[178, 419, 1232, 11, 7, 24]"
1664,"[41, 26, 1218, 1519, 439, 650]"
1665,"[274, 275, 147, 549, 16, 740, 179]"
1666,"[217, 145, 1737, 1124]"
1667,"[1494, 1117, 145]"
1668,"[117, 1397, 1601, 825, 1915]"
1669,"[334, 248, 115, 1616]"
1670,"[507, 218]"
1671,"[296, 39, 169]"
1672,"[2054, 70, 25, 1, 3, 15, 63]"
1673,"[428, 39, 75, 11, 166, 265, 346]"
1674,"[1017, 611, 472, 208]"
1675,"[84, 574, 161, 1902, 560]"
1676,"[1074, 677, 1835, 1815, 181]"
1677,"[149, 237, 570, 33, 237]"
1678,"[2055, 4, 2055]"
1679,"[100, 100, 7, 509, 21, 293, 89]"
1680,"[183, 169, 183, 30, 244, 147]"
1681,"[258, 914, 309, 51, 417]"
1682,"[1695, 1696, 174, 114]"
1683,"[60, 1215, 151, 2056, 28]"
1684,"[356, 1472, 16, 40, 353, 14]"
1685,"[1120, 410, 1934, 1935, 1936]"
1686,"[93, 1476, 404, 378]"
1687,"[1940, 1001, 2057, 716, 1832]"
1688,"[113, 243, 1247, 345, 1237]"
1689,"[223, 261, 4]"
1690,"[69, 21, 719, 155, 24]"
1691,"[596, 529, 88, 136, 103]"
1692,"[2006, 139, 2058]"
1693,"[381, 447, 414, 121, 2059, 227]"
1694,"[1127, 76]"
1695,"[20, 609, 1990, 1317]"
1696,"[53, 989, 447]"
1697,"[128, 230, 442]"
1698,"[1241, 844, 591, 29, 2044, 32, 659, 274, 275, 10, 2]"
1699,"[1180, 102, 597, 1930, 2027, 447, 414, 2013]"
1700,"[2060, 1, 3, 15]"
1701,"[2053, 907]"
1702,"[35, 533, 528, 665, 1010]"
1703,"[1868, 845]"
1704,"[749, 424, 222, 1543, 475]"
1705,"[1168, 1144, 202, 842]"
1706,"[161, 301, 1992]"
1707,[]
1708,"[123, 108, 600, 1164, 72, 90, 265, 341, 604, 28]"
1709,"[1754, 147]"
1710,[2061]
1711,"[51, 5, 421, 1020, 553, 87, 91, 382, 383]"
1712,"[121, 1239, 21, 77, 174, 5]"
1713,"[332, 2062, 1681, 1682, 785]"
1714,"[1525, 265]"
1715,"[303, 2063, 755, 825, 1947, 39]"
1716,"[1126, 2064, 677, 1240]"
1717,"[1809, 1810, 261, 100, 72, 1, 2]"
1718,"[899, 139, 2065]"
1719,"[1190, 2066, 206, 1, 10, 2, 437, 1963]"
1720,"[210, 1842, 46, 1862, 952, 1286]"
1721,"[1, 10, 2]"
1722,"[1248, 422, 98, 268, 2067]"
1723,"[12, 2068, 2069]"
1724,[1510]
1725,[4]
1726,"[355, 112, 637, 112, 11, 403, 272, 12, 363, 61]"
1727,"[2070, 31, 1833, 83, 251]"
1728,"[585, 73]"
1729,"[797, 1241, 431, 2000, 580, 267]"
1730,"[475, 1391, 454, 284]"
1731,"[12, 106, 200, 6, 311, 33, 501]"
1732,"[607, 6]"
1733,"[1927, 1928, 829, 1, 10, 2]"
1734,"[623, 624, 473, 622, 5, 474, 1249, 304, 259, 1694, 105]"
1735,"[544, 136, 103, 147, 62, 1957]"
1736,"[126, 112]"
1737,"[187, 398]"
1738,"[1179, 534, 1028, 1029, 254, 179]"
1739,"[12, 312, 20, 609]"
1740,"[235, 298, 425, 426]"
1741,"[2, 1280, 98, 1197, 1906, 336]"
1742,"[1250, 344, 551, 1251, 14]"
1743,"[2071, 1196]"
1744,"[2072, 2041, 2072, 61, 610, 839, 1741, 600, 556, 1787]"
1745,"[1246, 605, 1188, 1189]"
1746,"[280, 37, 544, 125, 3, 107, 63]"
1747,"[2073, 333, 23, 84, 22, 91]"
1748,"[367, 1493, 108]"
1749,"[720, 123, 2074, 40]"
1750,"[955, 95]"
1751,"[1009, 45, 34, 269, 270, 188]"
1752,"[180, 25, 571, 683, 81, 78, 325, 326]"
1753,"[1030, 224, 2]"
1754,"[87, 514, 483, 176, 233, 93]"
1755,"[68, 80, 599, 2075, 517, 1523, 1008, 182]"
1756,"[1970, 205, 2076]"
1757,"[299, 219, 18, 823]"
1758,"[1230, 1231, 157, 1235, 606]"
1759,"[745, 1216, 1, 3, 27, 2077, 25, 27, 2077]"
1760,"[960, 160, 1663, 2046, 261]"
1761,"[430, 1838, 59, 47]"
1762,"[1899, 1092, 43, 555, 259, 846, 785, 28]"
1763,"[216, 214, 2030]"
1764,"[429, 186, 377, 3]"
1765,"[1193, 37, 712]"
1766,"[997, 1063, 1800]"
1767,"[1252, 281, 25, 25, 554, 1024, 1025]"
1768,"[835, 836, 606, 141, 837, 47]"
1769,"[1291, 1292, 857, 171, 133, 44, 2, 5, 131, 365, 93, 1293]"
1770,"[2078, 278, 42, 1249, 1143, 412, 39, 2069, 52, 2078]"
1771,"[822, 609, 2024, 822, 2076, 43]"
1772,"[122, 460, 1850, 369, 122, 460, 928, 682]"
1773,"[1867, 4, 54, 329, 128, 2079]"
1774,"[321, 739, 467]"
1775,"[310, 419, 11, 7, 24]"
1776,"[1098, 4, 49, 596]"
1777,"[991, 1865, 344, 132, 40]"
1778,"[4, 1873, 49, 167]"
1779,"[1228, 561, 1423, 22, 46, 2018, 28]"
1780,"[210, 721, 449, 621, 1702, 1515, 1170, 657, 1275]"
1781,"[1253, 337, 986]"
1782,[956]
1783,"[129, 164, 302]"
1784,"[1545, 1021, 4, 1283]"
1785,"[35, 213, 1905, 584, 174]"
1786,"[1717, 479, 405, 237, 273]"
1787,"[204, 463, 1109, 306]"
1788,"[188, 433, 1028, 1029, 204, 463, 1215, 2080]"
1789,"[50, 146, 34, 231, 3, 1]"
1790,"[83, 187, 435, 1, 10, 2]"
1791,"[1964, 2081, 33, 494]"
1792,"[11, 355, 51, 98, 51, 881, 46, 228]"
1793,"[50, 146, 34, 231, 3, 33]"
1794,"[279, 1592]"
1795,"[2082, 4, 677]"
1796,"[137, 245]"
1797,"[86, 347]"
1798,"[329, 1, 3, 80]"
1799,"[34, 17, 252, 46, 199, 177]"
1800,"[39, 122, 460, 51, 394, 395, 51]"
1801,"[54, 464, 133, 76, 1827, 373]"
1802,"[444, 387, 1050, 219]"
1803,"[34, 231, 3, 562, 84]"
1804,"[674, 1757]"
1805,"[1, 3, 15, 215, 2]"
1806,"[2083, 613]"
1807,"[42, 1158, 1244]"
1808,"[1389, 1814, 23, 17]"
1809,"[1917, 1104, 1, 10, 2]"
1810,"[845, 385]"
1811,"[175, 2084]"
1812,"[55, 602]"
1813,"[171, 337, 1889, 11, 148, 5, 855]"
1814,"[34, 17, 252, 46, 199, 167]"
1815,"[85, 47]"
1816,"[529, 1182, 1182, 261, 4, 2066, 900]"
1817,[]
1818,"[1206, 1207, 1, 1730, 3]"
1819,"[138, 1848, 1999, 2085, 1254, 2001]"
1820,"[509, 2026]"
1821,"[58, 120]"
1822,"[250, 19]"
1823,[39]
1824,"[327, 644, 532]"
1825,"[1084, 1223, 358, 433, 358]"
1826,"[53, 314, 80, 349]"
1827,[7]
1828,"[830, 687]"
1829,"[36, 151, 116, 1, 36, 151, 831]"
1830,"[374, 138, 14, 2086]"
1831,"[175, 155, 1058, 1059]"
1832,"[74, 453, 126, 667, 793, 79]"
1833,[1672]
1834,[]
1835,"[922, 7, 42, 371, 7, 922]"
1836,"[50, 146, 34, 231, 3, 562]"
1837,"[840, 567, 226, 19]"
1838,"[356, 1255, 216, 710, 299]"
1839,"[190, 2042, 1378, 82]"
1840,"[576, 1254, 61, 1792, 276, 159]"
1841,"[160, 67, 160, 359]"
1842,"[184, 262]"
1843,"[495, 464, 985, 319, 196, 1941]"
1844,"[1243, 375, 97, 77, 598, 2087, 2088, 209, 494, 375, 97, 424]"
1845,"[1816, 308, 664, 1621, 801]"
1846,"[283, 135]"
1847,"[60, 1508, 1603, 54, 1469, 276]"
1848,"[53, 2083]"
1849,"[843, 277, 157]"
1850,"[142, 143, 2089, 806, 1, 3, 282, 161, 167, 125]"
1851,[30]
1852,"[16, 96, 322, 1059, 215, 7, 634, 498, 669]"
1853,[282]
1854,"[287, 1998, 1279, 1, 8]"
1855,"[207, 577, 331, 576, 798, 1125, 91]"
1856,"[1540, 1163]"
1857,"[11, 845, 2090, 385, 32, 1411]"
1858,"[2070, 6, 7, 24, 266, 418]"
1859,"[126, 592, 76]"
1860,"[11, 31, 1062, 769]"
1861,"[1188, 1189, 1088, 787, 742, 2091]"
1862,"[117, 248, 39, 840, 117, 249]"
1863,"[50, 146, 34, 231, 3, 1921, 1041, 30, 61, 2023]"
1864,"[952, 410, 255, 981, 256]"
1865,"[1046, 793]"
1866,"[1037, 1038, 87, 91]"
1867,"[4, 601, 38, 17, 18, 49]"
1868,"[106, 265]"
1869,"[52, 223, 355, 812, 812, 102, 366, 11, 1418]"
1870,"[348, 1372, 69, 21, 93]"
1871,"[2092, 2092, 977]"
1872,"[450, 1755]"
1873,"[643, 226, 19]"
1874,"[1186, 777, 635, 353]"
1875,"[1109, 29, 127, 129]"
1876,"[1549, 1162, 534]"
1877,"[287, 866]"
1878,"[1254, 2093, 349]"
1879,"[111, 94, 1142, 3]"
1880,"[172, 456, 521, 2094, 177]"
1881,"[2019, 833, 1229, 147, 2095]"
1882,"[28, 46, 920, 208]"
1883,"[1611, 1612, 1088, 1959, 168]"
1884,"[296, 910, 191, 1808]"
1885,"[586, 65, 42, 65, 42, 89]"
1886,"[1035, 2075, 1056]"
1887,"[2096, 205, 50, 205, 666, 832]"
1888,"[108, 670, 127, 129]"
1889,"[712, 122, 2097, 253, 282, 43]"
1890,"[2098, 2099, 380, 829, 281, 408]"
1891,"[78, 180, 25, 571, 325, 326]"
1892,"[59, 762, 34, 231, 3]"
1893,"[1160, 11, 166, 1526, 1252, 281, 180]"
1894,"[1908, 11, 148, 83, 251]"
1895,[1382]
1896,[2100]
1897,"[789, 7, 24, 742, 586]"
1898,"[50, 146, 780, 116, 55, 385]"
1899,"[86, 333, 187, 586, 1167, 621, 994, 66]"
1900,"[1003, 347]"
1901,"[205, 178, 347, 968, 969]"
1902,"[957, 456, 2101, 1796]"
1903,"[1165, 1729, 135, 9]"
1904,"[1872, 879]"
1905,"[1, 90, 77]"
1906,"[923, 1173, 280, 1174, 1175, 1176]"
1907,"[263, 776, 1877, 2102, 220, 221, 276]"
1908,"[2103, 1723]"
1909,"[1256, 132, 167]"
1910,"[607, 555, 277]"
1911,"[95, 10, 406]"
1912,"[1105, 583, 29, 1853, 206, 610, 259]"
1913,"[752, 1185, 43, 298]"
1914,"[1610, 2025, 5, 1117, 145]"
1915,[520]
1916,"[142, 143, 525, 142, 143, 629, 1119]"
1917,"[1677, 3]"
1918,"[228, 2104, 216]"
1919,"[40, 162, 158]"
1920,"[1043, 1320, 18]"
1921,"[2017, 801, 229, 229, 2105, 990, 358]"
1922,"[60, 354, 833]"
1923,"[838, 192, 902]"
1924,"[92, 92, 92, 29, 10]"
1925,[289]
1926,"[808, 2106, 1468]"
1927,"[895, 675]"
1928,"[14, 814]"
1929,"[50, 146, 878]"
1930,"[810, 1156, 810, 569]"
1931,"[178, 1232, 11, 7, 24]"
1932,"[81, 1701, 271]"
1933,"[28, 224, 32, 597, 592, 1, 2]"
1934,"[229, 775, 573, 842]"
1935,"[1212, 193]"
1936,"[796, 1120]"
1937,[175]
1938,"[263, 720, 59, 1886, 987]"
1939,"[240, 47, 6, 31]"
1940,[]
1941,"[77, 2107, 71]"
1942,"[1630, 71, 2108, 1199, 130]"
1943,[39]
1944,"[16, 96, 322, 844, 1566]"
1945,"[421, 1020]"
1946,"[109, 774, 771, 51, 379]"
1947,"[2109, 7, 31, 32]"
1948,"[1101, 2037, 5, 1608, 2110, 1, 8]"
1949,"[660, 2035, 1, 2]"
1950,"[494, 388, 23, 761, 377, 452]"
1951,[1212]
1952,"[235, 246, 1011, 192, 265]"
1953,"[1248, 2111]"
1954,"[828, 1, 3, 2112, 15, 2112, 1432]"
1955,"[69, 21, 155, 7, 24, 1257]"
1956,"[1269, 1270, 427, 127, 129, 803, 28, 432]"
1957,[]
1958,[402]
1959,[2113]
1960,"[491, 74]"
1961,"[1798, 2114, 516, 2114, 2005]"
1962,"[35, 96, 11, 1557, 343]"
1963,"[520, 2108, 133]"
1964,"[2110, 101, 559, 81, 564, 587, 588, 182]"
1965,"[386, 1213, 1334, 1258]"
1966,"[715, 791, 461, 106, 1919, 97, 1746]"
1967,"[348, 11, 7, 5, 844, 306]"
1968,"[45, 850]"
1969,"[1228, 227, 214, 343, 315, 316]"
1970,"[6, 1258, 357, 457, 425, 426]"
1971,"[1259, 29, 467, 89]"
1972,"[158, 133, 694, 1451, 5]"
1973,[268]
1974,"[1224, 332, 2086, 67]"
1975,"[801, 53, 23, 548]"
1976,"[1251, 2115, 110, 14, 2031, 1220, 406]"
1977,"[808, 2106, 2116]"
1978,"[1203, 1204, 8]"
1979,"[648, 838, 6, 36, 1, 2, 5]"
1980,"[1922, 1969, 336, 1841, 784]"
1981,"[52, 1211, 399, 175, 260]"
1982,"[2117, 5, 2118, 680, 206]"
1983,"[1129, 1130, 235, 61]"
1984,"[59, 255, 544, 125, 78]"
1985,"[39, 2119, 1678, 1260, 2120]"
1986,"[50, 146, 1471, 2121, 2122]"
1987,"[259, 614, 2109, 2004, 766, 141]"
1988,"[95, 55, 1916, 1, 10, 2]"
1989,"[1896, 71, 1882, 570, 1870, 1261, 570]"
1990,"[1597, 47, 1836, 219]"
1991,"[72, 246]"
1992,"[2121, 2122, 525, 34, 231, 3]"
1993,"[1890, 1891]"
1994,"[597, 1288, 192, 834, 27, 450, 72, 2123]"
1995,"[1739, 796, 197, 105]"
1996,"[50, 146, 42]"
1997,"[2048, 1030, 224, 1328, 417]"
1998,"[69, 21, 33]"
1999,"[2124, 1, 8]"
2000,"[517, 98]"
2001,"[1250, 391, 127, 129, 70]"
2002,"[592, 113, 243, 1247, 345, 250, 19, 43]"
2003,"[6, 161, 1119]"
2004,"[187, 204, 814, 2002, 1199, 2101, 504, 2, 147]"
2005,"[2029, 1107, 883, 197]"
2006,"[864, 8]"
2007,"[12, 1090, 1433]"
2008,"[767, 8]"
2009,"[1720, 11, 7, 24, 52, 166]"
2010,"[6, 821, 670, 22]"
2011,"[1249, 94, 35, 1064, 47, 114]"
2012,"[60, 11, 148, 560]"
2013,"[128, 713, 351, 1, 2]"
2014,"[725, 4, 998, 586, 794, 1522]"
2015,"[154, 242, 16, 40, 328, 1459]"
2016,"[332, 2125, 448, 302]"
2017,"[1022, 170, 1989, 2126, 884, 147]"
2018,"[258, 196, 58, 211, 2102]"
2019,"[126, 1158, 90, 76]"
2020,"[754, 4, 868, 38, 17, 18, 49]"
2021,"[295, 278]"
2022,"[607, 448, 12, 119, 1214, 273, 9]"
2023,"[102, 906, 74]"
2024,"[280, 37, 377, 3, 15, 63]"
2025,"[328, 1, 44, 2]"
2026,"[873, 148]"
2027,"[332, 88, 138, 1782, 381, 72]"
2028,"[2127, 125, 786, 25, 201, 260]"
2029,"[11, 2015, 2016, 719, 390]"
2030,"[392, 1116, 12, 41, 26, 62, 1956]"
2031,"[175, 11, 166, 128, 2079]"
2032,"[429, 184, 373, 24]"
2033,"[87, 514, 1271, 233, 93]"
2034,"[175, 23, 924, 483, 1769, 295, 790]"
2035,"[115, 40, 40, 14]"
2036,"[2128, 61, 1387, 334, 248]"
2037,"[85, 480, 1195, 399, 630, 735, 627, 361]"
2038,"[712, 1443, 295, 42, 9]"
2039,"[228, 1261, 415, 2129]"
2040,"[80, 2130, 292, 236]"
2041,"[2131, 2132, 925, 85]"
2042,"[105, 200, 6, 311, 33, 501]"
2043,"[283, 189, 29, 119]"
2044,"[204, 463, 1209, 1929, 192, 2]"
2045,"[1977, 165, 1147]"
2046,"[1197, 1885, 1339, 1, 2]"
2047,"[1574, 552, 829, 206, 5]"
2048,[811]
2049,"[1036, 222, 127, 129]"
2050,"[1128, 1674, 1385, 1112, 400]"
2051,"[660, 465, 843]"
2052,"[919, 620, 398]"
2053,"[123, 416, 133, 44, 2]"
2054,"[1450, 972, 973, 376]"
2055,"[90, 540, 124, 1071, 353, 110, 14, 2133, 227, 318, 294]"
2056,"[11, 122, 760, 1044]"
2057,"[213, 1052, 1, 2]"
2058,"[1222, 127, 129, 60, 2125, 194]"
2059,"[1140, 1942, 1726, 2134, 203]"
2060,"[596, 4, 287, 136, 103]"
2061,"[1377, 225, 1587, 2135, 2136]"
2062,"[1986, 1987, 32, 1200, 1, 8]"
2063,"[899, 139]"
2064,[2080]
2065,[]
2066,"[1135, 165, 2021]"
2067,"[46, 1155, 834, 5, 1230, 1231]"
2068,"[2137, 347, 2063, 592, 196, 2137, 190]"
2069,"[1544, 750, 49]"
2070,"[464, 32, 1253, 1967, 528, 204, 463]"
2071,"[869, 173]"
2072,"[57, 719, 823]"
2073,"[397, 853, 41, 26, 1452, 115]"
2074,"[450, 1078, 355]"
2075,"[739, 122, 2097, 2010]"
2076,"[102, 366, 134, 548, 5, 2138, 2139]"
2077,"[59, 1978, 1979]"
2078,"[238, 364, 239, 61, 466, 551, 1262, 545, 466]"
2079,"[60, 189, 17, 38, 49]"
2080,"[1256, 39, 1884, 732, 6, 45, 1169, 446, 132, 167]"
2081,"[585, 73, 1887, 1888, 207, 40, 556, 2096, 66]"
2082,"[225, 567, 226, 19, 78]"
2083,[2140]
2084,"[137, 106, 824, 594]"
2085,"[1357, 1634, 1166, 471, 363, 843, 362]"
2086,"[159, 134, 22, 1147, 32, 1263]"
2087,"[2, 312, 1264, 795]"
2088,"[356, 1255, 136, 103, 167]"
2089,"[1306, 1085, 1997, 92, 218]"
2090,[1015]
2091,"[160, 1108]"
2092,"[168, 820]"
2093,"[2141, 405, 349]"
2094,"[355, 98, 1938]"
2095,"[1105, 583, 224, 74, 212, 9, 578]"
2096,"[521, 181, 1259, 1177, 820, 400]"
2097,"[319, 47, 1115, 68]"
2098,"[68, 354]"
2099,[214]
2100,[732]
2101,"[117, 1883]"
2102,"[845, 123]"
2103,"[1593, 376, 1135, 786, 809]"
2104,"[915, 11, 7, 126, 43, 21, 293, 89]"
2105,"[2082, 456, 2094, 903]"
2106,"[2131, 2132, 219]"
2107,"[1690, 2058]"
2108,[]
2109,"[598, 1243, 375, 97, 77, 2087, 2088, 54, 1233, 1103, 209, 424]"
2110,"[318, 536, 1793, 172, 884]"
2111,"[671, 1134, 1145]"
2112,"[1126, 2064, 10, 2]"
2113,[160]
2114,"[1403, 668]"
2115,"[304, 2142, 595, 1133, 132, 2056, 29, 72, 713]"
2116,"[360, 2143, 1265, 139, 802, 68]"
2117,"[2144, 999, 1504, 2144]"
2118,[]
2119,"[187, 1826, 321, 598, 219, 84, 79]"
2120,"[2116, 939, 2145]"
2121,"[12, 1, 3, 15, 125, 751, 183]"
2122,"[846, 86, 2115, 809, 4]"
2123,[]
2124,"[857, 1, 10, 2]"
2125,"[35, 339, 340]"
2126,"[127, 129, 110, 14, 508, 31]"
2127,"[1509, 157, 381, 1381, 341, 604, 28]"
2128,[1866]
2129,[307]
2130,"[23, 2126]"
2131,"[32, 131, 365, 93, 44, 2]"
2132,"[39, 2022]"
2133,"[65, 360, 949, 552]"
2134,"[1256, 582]"
2135,"[1045, 431, 2143, 1265, 237, 2146, 147]"
2136,"[1614, 319, 7, 5, 419]"
2137,"[238, 364, 466, 1095, 192, 1555, 1262, 545, 466]"
2138,"[122, 460, 59]"
2139,"[2054, 70, 1771, 382, 383]"
2140,"[1157, 4, 1157, 478]"
2141,"[769, 814, 613, 127, 129, 34]"
2142,"[1248, 334, 248, 1, 3]"
2143,"[817, 2123, 1367, 11, 105, 846, 416]"
2144,"[142, 143, 189, 607, 683, 99, 81]"
2145,"[1123, 1736, 1656]"
2146,"[64, 222, 147, 504, 77, 82]"
2147,"[100, 12, 3, 1137, 1097, 22, 56]"
2148,"[379, 106, 126, 45]"
2149,"[356, 1255, 167]"
2150,"[108, 524, 1196, 755, 756]"
2151,"[178, 11]"
2152,"[219, 1259, 2014]"
2153,"[112, 4, 119, 54, 588, 2081]"
2154,"[1103, 2034]"
2155,[455]
2156,"[20, 1264, 1820, 1070, 247, 312, 539, 795, 194, 30]"
2157,"[29, 2043]"
2158,"[113, 243, 1247, 345, 4, 799]"
2159,"[2147, 1645, 645, 121, 1799, 2093]"
2160,"[1659, 5, 1506, 237, 1, 2]"
2161,"[1600, 698, 2105]"
2162,"[227, 343, 57]"
2163,"[1282, 1154, 4, 2003, 17, 167]"
2164,"[1151, 1098, 2073, 716]"
2165,"[6, 45, 339, 340]"
2166,"[2052, 22, 1, 480, 3]"
2167,"[1950, 617, 664, 1167, 694, 523, 65, 452]"
2168,"[1250, 717, 256, 746, 1804, 193, 207, 167]"
2169,"[52, 487, 278, 1811, 1594, 487, 278, 1321]"
2170,"[152, 1263, 32, 1263, 152]"
2171,"[52, 11, 461, 601]"
2172,"[295, 1692, 461, 61, 290]"
2173,"[86, 240, 44, 2]"
2174,"[710, 190, 256, 1943]"
2175,"[430, 794, 541]"
2176,[856]
2177,[215]
2178,"[113, 243, 1144, 97, 250, 19]"
2179,"[22, 1202, 425, 426]"
2180,[1855]
2181,"[1169, 674, 953]"
2182,"[505, 2147, 962]"
2183,"[115, 94, 1234, 445, 267, 2148, 1229, 994, 66]"
2184,"[612, 468, 92, 428, 454, 341, 604, 28]"
2185,"[102, 906, 737, 738]"
2186,"[1253, 431, 1818, 1742, 238, 208]"
2187,"[1993, 4, 38, 17, 18, 49]"
2188,"[2117, 680, 5, 2118, 1, 10, 2]"
2189,"[1, 2, 530]"
2190,"[561, 758, 765, 543, 1200, 267]"
2191,"[2091, 1, 107, 764]"
2192,"[336, 860]"
2193,"[2148, 445, 2040, 914, 657, 1973]"
2194,"[119, 4, 119]"
2195,"[225, 567, 226, 19, 78]"
2196,"[52, 86, 240, 166, 83, 251]"
2197,"[84, 121, 1258]"
2198,"[693, 141, 435, 66, 359, 575]"
2199,"[272, 12, 28]"
2200,"[1937, 99, 72, 90]"
2201,"[277, 2127, 532]"
2202,"[799, 563, 512]"
2203,"[730, 832, 642]"
2204,"[2135, 2136]"
2205,"[408, 1100, 399]"
2206,"[11, 148]"
2207,"[1954, 29]"
2208,"[649, 4]"
2209,"[1575, 1576, 1541, 1, 2]"
2210,"[841, 133, 2090, 841, 2059, 841, 133]"
2211,"[835, 836, 606, 141, 837, 47, 10, 2, 268, 324, 835, 836]"
2212,"[122, 526]"
2213,"[610, 839, 565, 1, 2]"
2214,"[102, 366, 134, 1442, 55, 5, 2138, 2139]"
2215,"[596, 88, 165, 1, 945]"
2216,"[305, 65, 11, 148]"
2217,"[1812, 1236, 1374, 1251, 1485, 2146]"
2218,"[190, 65, 446, 196, 1260, 2120]"
2219,[1222]
2220,"[111, 410, 99, 1649]"
2221,"[458, 459, 157, 942, 700, 1221, 826]"
2222,"[1077, 1651, 1013, 834, 44, 2]"
2223,"[342, 1027, 1, 3, 15, 63]"
2224,"[542, 1904, 1, 44, 2]"
2225,"[531, 651, 676, 3, 194, 197]"
2226,"[580, 541, 1, 10, 2]"
2227,"[441, 1565, 185, 555, 1708, 350, 114]"
2228,"[666, 137, 2067, 246]"
2229,"[2141, 86, 240, 43]"
2230,"[150, 1668, 19, 1670, 1669, 509]"
2231,"[1089, 190, 36, 8, 5, 165, 18]"
2232,"[556, 2032, 1368, 8]"
2233,"[775, 573, 842]"
2234,"[123, 416, 8]"
2235,"[1860, 1, 3]"
2236,"[11, 31, 202, 1666]"
2237,"[757, 1, 2]"
2238,"[301, 52, 11, 148, 65, 2140, 1042, 89]"
2239,[1348]
2240,"[1252, 409, 1, 2]"
2241,"[132, 352, 209, 260, 58, 211]"
2242,"[1724, 1752, 1715, 105, 70, 659, 162]"
2243,"[1, 2]"
2244,"[6, 36]"
2245,"[36, 3]"
2246,"[2149, 619]"
2247,"[456, 12, 72, 2049]"
2248,"[173, 2071, 2129, 1079, 18]"
2249,[8]
2250,"[50, 146, 34, 231, 12, 686, 745, 1216, 448]"
2251,[966]
2252,"[770, 1650, 2084, 60, 223, 2150]"
2253,"[101, 625, 47, 1, 8]"
2254,"[56, 1091, 600, 542, 2111]"
2255,"[72, 90, 136, 1161, 1876, 46, 101, 2130, 935]"
2256,"[838, 32, 1010, 2149, 1, 10, 2]"
2257,"[1, 10, 2]"
2258,"[563, 512, 2]"
2259,"[2151, 455, 193, 432, 2060]"
2260,"[85, 1350, 1191, 948]"
2261,"[471, 363, 619, 1652, 744]"
2262,"[1322, 309, 968, 969]"
2263,"[212, 125, 1054, 706, 207]"
2264,"[646, 1995, 114, 259, 16, 2]"
2265,"[25, 107, 3, 1953, 153]"
2266,"[60, 800]"
2267,"[1900, 2104, 14, 235, 358]"
2268,"[328, 1173, 603]"
2269,"[280, 37, 25, 396, 2028, 271]"
2270,"[5, 105, 180]"
2271,"[1115, 1261, 2145]"
2272,"[1102, 582, 28, 174]"
2273,"[455, 132, 225, 807]"
2274,"[1234, 445, 559, 1687, 81, 564, 587, 588, 182]"
2275,"[34, 2051, 52, 11, 148]"
2276,"[2103, 54, 1018, 2128, 1160]"
2277,"[4, 215, 1925, 678]"
2278,"[2057, 849, 497]"
2279,"[1984, 1138, 692, 311, 1985]"
2280,"[23, 6, 1707, 2, 782, 783]"
2281,"[1151, 1187]"
2282,"[142, 143, 2089, 806, 1, 2107]"
2283,"[667, 291, 1100, 232]"
2284,[223]
2285,"[1415, 327, 79, 180, 325, 326]"
2286,"[378, 2113, 1518, 1244]"
2287,"[1, 22, 3]"
2288,"[149, 150, 2012, 1333]"
2289,"[1208, 357, 457]"
2290,"[543, 180, 99]"
2291,"[16, 49, 4, 2095]"
2292,"[830, 378, 1016]"
2293,"[26, 29, 356, 4, 328, 1913, 32, 2124, 806, 1302, 206]"
2294,"[109, 489, 430]"
2295,"[31, 55, 736]"
2296,"[31, 589, 67]"
2297,"[646, 88]"
2298,"[1487, 933]"
2299,"[2098, 2099, 2062, 862, 2151, 1181]"
2300,"[1412, 2152, 2153, 323, 279]"
2301,"[1260, 1023, 74, 74]"
2302,"[1226, 1227, 594, 24, 1257]"
2303,"[45, 152, 45]"
2304,"[709, 16]"
2305,"[565, 224, 1, 10, 2]"
2306,"[238, 364, 2020, 284, 36, 1262, 545, 466]"
2307,"[1748, 1971, 726, 308, 173, 731]"
2308,"[11, 166, 7, 24, 61, 2033]"
2309,"[149, 150, 338, 54, 691, 615]"
2310,"[16, 135, 23, 6, 2150]"
2311,"[263, 776, 1107, 77, 220, 221, 708]"
2312,"[737, 738, 262, 547, 268, 324]"
2313,"[29, 44, 2]"
2314,"[585, 73, 901, 40, 1265, 4, 1113, 167, 354, 25]"
2315,"[1627, 772, 43, 1067, 1, 2]"
2316,"[438, 56]"
2317,"[1983, 595]"
2318,"[207, 187, 198, 1903]"
2319,"[828, 442, 112]"
2320,"[844, 306, 176, 233, 93]"
2321,"[1236, 9, 901, 1405]"
2322,"[1225, 1864, 12, 1996, 440, 19, 1225, 30]"
2323,"[39, 550, 319, 11, 51, 394, 395, 51]"
2324,"[91, 411, 1948, 166, 25, 152]"
2325,"[88, 440, 1949, 792]"
2326,[417]
2327,[]
2328,"[57, 7, 24, 5, 1257, 1226, 1227]"
2329,"[9, 571, 2154, 2154, 2085, 779, 1822, 67]"
2330,"[456, 832, 300, 385]"
2331,"[921, 684, 1246, 741, 634]"
2332,"[112, 1354, 464]"
2333,"[1145, 216, 1152, 289, 1991]"
2334,[1326]
2335,"[725, 540, 373, 1, 10, 2]"
2336,"[256, 933, 149]"
2337,"[557, 75, 1, 105]"
2338,"[191, 79, 140]"
2339,"[305, 181, 827, 222, 273]"
2340,"[1087, 34, 17, 252, 46, 199, 177]"
2341,"[46, 199, 127, 129]"
2342,"[312, 1264, 291, 874, 795]"
2343,"[854, 1564, 87, 91]"
2344,"[846, 137, 415, 63, 2038]"
2345,"[2, 436, 2050, 368]"
2346,"[304, 2142, 138, 127, 129, 1210]"
2347,"[46, 1084, 1613, 257]"
2348,"[37, 314, 2134, 203, 47, 1217, 315, 316]"
2349,"[289, 6, 45, 1709, 1944]"
2350,"[67, 6, 45, 591, 858]"
2351,"[458, 459, 175, 10, 2, 5, 702, 703]"
2352,"[2119, 2065, 1036]"
2353,"[1680, 2100, 691, 2068, 432, 125]"
2354,[188]
2355,"[123, 2074, 553, 1520, 40, 349, 503]"
2356,"[1343, 4, 88, 1897, 14, 2133]"
2357,"[150, 1245, 338]"
2358,"[122, 460, 1053, 250, 19]"
2359,[1086]
2360,"[14, 1069, 468, 38, 443, 590]"
2361,"[648, 165, 2061]"
2362,"[2152, 2153, 323, 279]"
2363,"[6, 193, 1830, 351]"
